"STATION","NAME","LATITUDE","LONGITUDE","ELEVATION","DATE","AWND","PGTM","PRCP","SNOW","SNWD","TAVG","TMAX","TMIN","TOBS","WDF2","WDF5","WSF2","WSF5","WT01","WT02","WT03","WT04","WT06","WT08","WT09","WT11"
"USC00111577","CHICAGO MIDWAY AIRPORT 3 SW, IL US","41.7372","-87.7775","189.0","2022-01-01",,,"0.25","3.2","3.0",,"42","30","30",,,,,"    1",,,,,,,
"USC00111577","CHICAGO MIDWAY AIRPORT 3 SW, IL US","41.7372","-87.7775","189.0","2022-01-02",,,"0.06","1.0","3.0",,"32","16","16",,,,,,,,,,,,
"USC00111577","CHICAGO MIDWAY AIRPORT 3 SW, IL US","41.7372","-87.7775","189.0","2022-01-03",,,"0.00","0.0","3.0",,"24","10","24",,,,,,,,,,,,
"USC00111577","CHICAGO MIDWAY AIRPORT 3 SW, IL US","41.7372","-87.7775","189.0","2022-01-04",,,"0.00","0.0","2.0",,"36","24","35",,,,,,,,,,,,
"USC00111577","CHICAGO MIDWAY AIRPORT 3 SW, IL US","41.7372","-87.7775","189.0","2022-01-05",,,"0.00","0.0","2.0",,"35","13","13",,,,,,,,,,,,"    1"
"USC00111577","CHICAGO MIDWAY AIRPORT 3 SW, IL US","41.7372","-87.7775","189.0","2022-01-06",,,"0.00","0.0","2.0",,"16","6","6",,,,,,,,,,,,
"USC00111577","CHICAGO MIDWAY AIRPORT 3 SW, IL US","41.7372","-87.7775","189.0","2022-01-07",,,"0.00","0.0","2.0",,"15","1","15",,,,,,,,,,,,
"USC00111577","CHICAGO MIDWAY AIRPORT 3 SW, IL US","41.7372","-87.7775","189.0","2022-01-08",,,"0.02","0.0","1.0",,"36","15","36",,,,,"    1",,,,"    1",,,
"USC00111577","CHICAGO MIDWAY AIRPORT 3 SW, IL US","41.7372","-87.7775","189.0","2022-01-09",,,"0.00","0.0","1.0",,"37","12","12",,,,,,,,,"    1",,,
"USC00111577","CHICAGO MIDWAY AIRPORT 3 SW, IL US","41.7372","-87.7775","189.0","2022-01-10",,,"0.00","0.0","1.0",,"20","8","8",,,,,,,,,,,,
"USC00111577","CHICAGO MIDWAY AIRPORT 3 SW, IL US","41.7372","-87.7775","189.0","2022-01-11",,,"0.00","0.0","1.0",,"38","6","38",,,,,,,,,"    1",,,
"USC00111577","CHICAGO MIDWAY AIRPORT 3 SW, IL US","41.7372","-87.7775","189.0","2022-01-12",,,"0.00","0.0","0.0",,"42","30","30",,,,,,,,,,,,
"USC00111577","CHICAGO MIDWAY AIRPORT 3 SW, IL US","41.7372","-87.7775","189.0","2022-01-13",,,"0.00","0.0","0.0",,"41","29","37",,,,,,,,,,,,
"USC00111577","CHICAGO MIDWAY AIRPORT 3 SW, IL US","41.7372","-87.7775","189.0","2022-01-14",,,"0.03","0.4","1.0",,"38","28","28",,,,,"    1",,,,,,,
"USC00111577","CHICAGO MIDWAY AIRPORT 3 SW, IL US","41.7372","-87.7775","189.0","2022-01-15",,,"0.03","0.4","1.0",,"28","21","21",,,,,,,,,,,,
"USC00111577","CHICAGO MIDWAY AIRPORT 3 SW, IL US","41.7372","-87.7775","189.0","2022-01-16",,,"0.01","0.2","1.0",,"30","14","25",,,,,,,,,,,,
"USC00111577","CHICAGO MIDWAY AIRPORT 3 SW, IL US","41.7372","-87.7775","189.0","2022-01-17",,,"0.00","0.0","1.0",,"30","25","25",,,,,,,,,,,,
"USC00111577","CHICAGO MIDWAY AIRPORT 3 SW, IL US","41.7372","-87.7775","189.0","2022-01-18",,,"0.00","0.0","0.0",,"45","22","43",,,,,,,,,,,,
"USC00111577","CHICAGO MIDWAY AIRPORT 3 SW, IL US","41.7372","-87.7775","189.0","2022-01-19",,,"0.00","0.0","0.0",,"43","13","13",,,,,,,,,,,,
"USC00111577","CHICAGO MIDWAY AIRPORT 3 SW, IL US","41.7372","-87.7775","189.0","2022-01-20",,,"0.00","0.0","0.0",,"22","9","12",,,,,,,,,,,,
"USC00111577","CHICAGO MIDWAY AIRPORT 3 SW, IL US","41.7372","-87.7775","189.0","2022-01-21",,,"0.00","0.0","0.0",,"27","10","20",,,,,,,,,,,,
"USC00111577","CHICAGO MIDWAY AIRPORT 3 SW, IL US","41.7372","-87.7775","189.0","2022-01-22",,,"0.01","0.2","0.0",,"36","20","22",,,,,,,,,,,,
"USC00111577","CHICAGO MIDWAY AIRPORT 3 SW, IL US","41.7372","-87.7775","189.0","2022-01-23",,,"0.28","3.6","4.0",,"25","10","13",,,,,,,,,,,,
"USC00111577","CHICAGO MIDWAY AIRPORT 3 SW, IL US","41.7372","-87.7775","189.0","2022-01-24",,,"0.11","2.0","4.0",,"29","13","13",,,,,"    1",,,,,,,
"USC00111577","CHICAGO MIDWAY AIRPORT 3 SW, IL US","41.7372","-87.7775","189.0","2022-01-25",,,"0.00","0.0","4.0",,"15","2","2",,,,,,,,,,,,
"USC00111577","CHICAGO MIDWAY AIRPORT 3 SW, IL US","41.7372","-87.7775","189.0","2022-01-26",,,"0.00","0.0","4.0",,"15","-5","15",,,,,,,,,,,,
"USC00111577","CHICAGO MIDWAY AIRPORT 3 SW, IL US","41.7372","-87.7775","189.0","2022-01-27",,,"0.00","0.0","3.0",,"33","14","29",,,,,,,,,,,,
"USC00111577","CHICAGO MIDWAY AIRPORT 3 SW, IL US","41.7372","-87.7775","189.0","2022-01-28",,,"0.31","7.2","9.0",,"29","12","12",,,,,"    1",,,,,,,
"USC00111577","CHICAGO MIDWAY AIRPORT 3 SW, IL US","41.7372","-87.7775","189.0","2022-01-29",,,"0.00","0.0","6.0",,"23","9","19",,,,,,,,,,,,
"USC00111577","CHICAGO MIDWAY AIRPORT 3 SW, IL US","41.7372","-87.7775","189.0","2022-01-30",,,"0.00","0.0","6.0",,"33","14","29",,,,,,,,,,,,
"USC00111577","CHICAGO MIDWAY AIRPORT 3 SW, IL US","41.7372","-87.7775","189.0","2022-01-31",,,"0.00","0.0","5.0",,"35","28","34",,,,,,,,,,,,
"USC00111577","CHICAGO MIDWAY AIRPORT 3 SW, IL US","41.7372","-87.7775","189.0","2022-02-01",,,"0.20","1.5","2.0",,"49","33","33",,,,,"    1",,,,,,,
"USC00111577","CHICAGO MIDWAY AIRPORT 3 SW, IL US","41.7372","-87.7775","189.0","2022-02-02",,,"0.76","9.5","11.0",,"33","19","19",,,,,"    1",,,,,,,
"USC00111577","CHICAGO MIDWAY AIRPORT 3 SW, IL US","41.7372","-87.7775","189.0","2022-02-03",,,"0.00","0.0","8.0",,"27","19","22",,,,,,,,,,,,
"USC00111577","CHICAGO MIDWAY AIRPORT 3 SW, IL US","41.7372","-87.7775","189.0","2022-02-04",,,"0.02","0.3","7.0",,"26","12","12",,,,,,,,,,,,
"USC00111577","CHICAGO MIDWAY AIRPORT 3 SW, IL US","41.7372","-87.7775","189.0","2022-02-05",,,"0.00","0.0","7.0",,"19","6","18",,,,,,,,,,,,
"USC00111577","CHICAGO MIDWAY AIRPORT 3 SW, IL US","41.7372","-87.7775","189.0","2022-02-06",,,"0.00","0.0","7.0",,"33","18","32",,,,,,,,,,,,
"USC00111577","CHICAGO MIDWAY AIRPORT 3 SW, IL US","41.7372","-87.7775","189.0","2022-02-07",,,"0.00","0.0","5.0",,"32","18","18",,,,,"    1",,,,,,,
"USC00111577","CHICAGO MIDWAY AIRPORT 3 SW, IL US","41.7372","-87.7775","189.0","2022-02-08",,,"0.00","0.0","4.0",,"41","18","39",,,,,,,,,,,,
"USC00111577","CHICAGO MIDWAY AIRPORT 3 SW, IL US","41.7372","-87.7775","189.0","2022-02-09",,,"0.00","0.0","3.0",,"42","34","36",,,,,,,,,,,,
"USC00111577","CHICAGO MIDWAY AIRPORT 3 SW, IL US","41.7372","-87.7775","189.0","2022-02-10",,,"0.00","0.0","2.0",,"36","28","34",,,,,,,,,,,,
"USC00111577","CHICAGO MIDWAY AIRPORT 3 SW, IL US","41.7372","-87.7775","189.0","2022-02-11",,,"0.13","0.2","2.0",,"45","30","30",,,,,"    1",,,,,,,
"USC00111577","CHICAGO MIDWAY AIRPORT 3 SW, IL US","41.7372","-87.7775","189.0","2022-02-12",,,"0.00","0.0","1.0",,"31","15","17",,,,,,,,,,,,
"USC00111577","CHICAGO MIDWAY AIRPORT 3 SW, IL US","41.7372","-87.7775","189.0","2022-02-13",,,"0.00","0.0","1.0",,"21","14","16",,,,,,,,,,,,
"USC00111577","CHICAGO MIDWAY AIRPORT 3 SW, IL US","41.7372","-87.7775","189.0","2022-02-14",,,"0.00","0.0","1.0",,"27","15","26",,,,,,,,,,,,
"USC00111577","CHICAGO MIDWAY AIRPORT 3 SW, IL US","41.7372","-87.7775","189.0","2022-02-15",,,"0.00","0.0","1.0",,"46","23","46",,,,,,,,,,,,
"USC00111577","CHICAGO MIDWAY AIRPORT 3 SW, IL US","41.7372","-87.7775","189.0","2022-02-16",,,"1.13","0.0","0.0",,"54","43","43",,,,,"    1",,,,,,,
"USC00111577","CHICAGO MIDWAY AIRPORT 3 SW, IL US","41.7372","-87.7775","189.0","2022-02-17",,,"0.52","3.8","4.0",,"43","17","17",,,,,"    1",,,,,,,
"USC00111577","CHICAGO MIDWAY AIRPORT 3 SW, IL US","41.7372","-87.7775","189.0","2022-02-18",,,"0.00","0.0","3.0",,"32","8","29",,,,,"    1",,,,,,,"    1"
"USC00111577","CHICAGO MIDWAY AIRPORT 3 SW, IL US","41.7372","-87.7775","189.0","2022-02-19",,,"0.00","0.0","2.0",,"29","11","18",,,,,,,,,,,,"    1"
"USC00111577","CHICAGO MIDWAY AIRPORT 3 SW, IL US","41.7372","-87.7775","189.0","2022-02-20",,,"0.00","0.0","0.0",,"49","18","40",,,,,,,,,,,,
"USC00111577","CHICAGO MIDWAY AIRPORT 3 SW, IL US","41.7372","-87.7775","189.0","2022-02-21",,,"0.00","0.0","0.0",,"54","33","54",,,,,,,,,,,,
"USC00111577","CHICAGO MIDWAY AIRPORT 3 SW, IL US","41.7372","-87.7775","189.0","2022-02-22",,,"1.09","0.0","0.0",,"54","25","25",,,,,"    1",,"    1",,,,,
"USC00111577","CHICAGO MIDWAY AIRPORT 3 SW, IL US","41.7372","-87.7775","189.0","2022-02-23",,,"0.00","0.1","0.0",,"26","18","24",,,,,,,,,,,,
"USC00111577","CHICAGO MIDWAY AIRPORT 3 SW, IL US","41.7372","-87.7775","189.0","2022-02-24",,,"0.08","1.2","1.0",,"29","24","27",,,,,,,,,,,,
"USC00111577","CHICAGO MIDWAY AIRPORT 3 SW, IL US","41.7372","-87.7775","189.0","2022-02-25",,,"0.09","1.5","1.0",,"31","20","20",,,,,"    1",,,,,,,
"USC00111577","CHICAGO MIDWAY AIRPORT 3 SW, IL US","41.7372","-87.7775","189.0","2022-02-26",,,"0.00","0.0","1.0",,"33","15","31",,,,,,,,,,,,
"USC00111577","CHICAGO MIDWAY AIRPORT 3 SW, IL US","41.7372","-87.7775","189.0","2022-02-27",,,"0.00","0.0","0.0",,"46","29","33",,,,,,,,,,,,
"USC00111577","CHICAGO MIDWAY AIRPORT 3 SW, IL US","41.7372","-87.7775","189.0","2022-02-28",,,"0.00","0.0","0.0",,"55","29","45",,,,,,,,,,,,
"USC00111577","CHICAGO MIDWAY AIRPORT 3 SW, IL US","41.7372","-87.7775","189.0","2022-03-01",,,"0.00","0.0","0.0",,"52","36","36",,,,,,,,,,,,
"USC00111577","CHICAGO MIDWAY AIRPORT 3 SW, IL US","41.7372","-87.7775","189.0","2022-03-02",,,"0.00","0.0","0.0",,"60","34","37",,,,,,,,,,,,
"USC00111577","CHICAGO MIDWAY AIRPORT 3 SW, IL US","41.7372","-87.7775","189.0","2022-03-03",,,"0.00","0.0","0.0",,"38","30","30",,,,,,,,,,,,
"USC00111577","CHICAGO MIDWAY AIRPORT 3 SW, IL US","41.7372","-87.7775","189.0","2022-03-04",,,"0.00","0.0","0.0",,"43","30","43",,,,,,,,,,,,
"USC00111577","CHICAGO MIDWAY AIRPORT 3 SW, IL US","41.7372","-87.7775","189.0","2022-03-05",,,"0.13","0.0","0.0",,"71","42","56",,,,,"    1",,"    1",,,,,"    1"
"USC00111577","CHICAGO MIDWAY AIRPORT 3 SW, IL US","41.7372","-87.7775","189.0","2022-03-06",,,"0.12","0.0","0.0",,"61","38","38",,,,,"    1",,"    1",,,,,"    1"
"USC00111577","CHICAGO MIDWAY AIRPORT 3 SW, IL US","41.7372","-87.7775","189.0","2022-03-07",,,"0.37","1.1","0.0",,"38","32","32",,,,,"    1",,,,,,,
"USC00111577","CHICAGO MIDWAY AIRPORT 3 SW, IL US","41.7372","-87.7775","189.0","2022-03-08",,,"0.00","0.0","0.0",,"42","28","33",,,,,,,,,,,,
"USC00111577","CHICAGO MIDWAY AIRPORT 3 SW, IL US","41.7372","-87.7775","189.0","2022-03-09",,,"0.00","0.0","0.0",,"44","30","30",,,,,,,,,,,,
"USC00111577","CHICAGO MIDWAY AIRPORT 3 SW, IL US","41.7372","-87.7775","189.0","2022-03-10",,,"0.05","0.9","1.0",,"33","26","26",,,,,"    1",,,,,,,
"USC00111577","CHICAGO MIDWAY AIRPORT 3 SW, IL US","41.7372","-87.7775","189.0","2022-03-11",,,"0.03","0.7","0.0",,"33","18","18",,,,,,,,,,,,
"USC00111577","CHICAGO MIDWAY AIRPORT 3 SW, IL US","41.7372","-87.7775","189.0","2022-03-12",,,"0.00","0.0","0.0",,"23","13","22",,,,,,,,,,,,
"USC00111577","CHICAGO MIDWAY AIRPORT 3 SW, IL US","41.7372","-87.7775","189.0","2022-03-13",,,"0.00","0.0","0.0",,"53","22","43",,,,,,,,,,,,
"USC00111577","CHICAGO MIDWAY AIRPORT 3 SW, IL US","41.7372","-87.7775","189.0","2022-03-14",,,"0.00","0.0","0.0",,"65","40","40",,,,,,,,,,,,
"USC00111577","CHICAGO MIDWAY AIRPORT 3 SW, IL US","41.7372","-87.7775","189.0","2022-03-15",,,"0.00","0.0","0.0",,"55","35","40",,,,,,,,,,,,
"USC00111577","CHICAGO MIDWAY AIRPORT 3 SW, IL US","41.7372","-87.7775","189.0","2022-03-16",,,"0.00","0.0","0.0",,"72","38","56",,,,,,,,,,,,
"USC00111577","CHICAGO MIDWAY AIRPORT 3 SW, IL US","41.7372","-87.7775","189.0","2022-03-17",,,"0.00","0.0","0.0",,"74","49","49",,,,,,,,,,,,
"USC00111577","CHICAGO MIDWAY AIRPORT 3 SW, IL US","41.7372","-87.7775","189.0","2022-03-18",,,"0.76","0.0","0.0",,"50","42","42",,,,,"    1",,"    1",,,,,
"USC00111577","CHICAGO MIDWAY AIRPORT 3 SW, IL US","41.7372","-87.7775","189.0","2022-03-19",,,"0.19","0.0","0.0",,"44","39","39",,,,,"    1",,,,,,,
"USC00111577","CHICAGO MIDWAY AIRPORT 3 SW, IL US","41.7372","-87.7775","189.0","2022-03-20",,,"0.00","0.0","0.0",,"65","34","49",,,,,,,,,,,,
"USC00111577","CHICAGO MIDWAY AIRPORT 3 SW, IL US","41.7372","-87.7775","189.0","2022-03-21",,,"0.00","0.0","0.0",,"77","44","62",,,,,,,,,,,,
"USC00111577","CHICAGO MIDWAY AIRPORT 3 SW, IL US","41.7372","-87.7775","189.0","2022-03-22",,,"0.13","0.0","0.0",,"62","50","51",,,,,"    1",,,,,,,
"USC00111577","CHICAGO MIDWAY AIRPORT 3 SW, IL US","41.7372","-87.7775","189.0","2022-03-23",,,"0.39","0.0","0.0",,"60","46","46",,,,,"    1",,,,,,,
"USC00111577","CHICAGO MIDWAY AIRPORT 3 SW, IL US","41.7372","-87.7775","189.0","2022-03-24",,,"0.13","0.0","0.0",,"46","41","41",,,,,"    1",,,,,,,
"USC00111577","CHICAGO MIDWAY AIRPORT 3 SW, IL US","41.7372","-87.7775","189.0","2022-03-25",,,"0.02","0.0","0.0",,"50","36","36",,,,,"    1",,,,,,,"    1"
"USC00111577","CHICAGO MIDWAY AIRPORT 3 SW, IL US","41.7372","-87.7775","189.0","2022-03-26",,,"0.01","0.1","0.0",,"36","29","29",,,,,"    1",,,,,,,
"USC00111577","CHICAGO MIDWAY AIRPORT 3 SW, IL US","41.7372","-87.7775","189.0","2022-03-27",,,"0.00","0.0","0.0",,"38","25","25",,,,,,,,,,,,
"USC00111577","CHICAGO MIDWAY AIRPORT 3 SW, IL US","41.7372","-87.7775","189.0","2022-03-28",,,"0.00","0.0","0.0",,"35","25","31",,,,,,,,,,,,
"USC00111577","CHICAGO MIDWAY AIRPORT 3 SW, IL US","41.7372","-87.7775","189.0","2022-03-29",,,"0.00","0.0","0.0",,"45","31","45",,,,,,,,,,,,
"USC00111577","CHICAGO MIDWAY AIRPORT 3 SW, IL US","41.7372","-87.7775","189.0","2022-03-30",,,"1.32","0.0","0.0",,"64","45","50",,,,,"    1",,,,,,,
"USC00111577","CHICAGO MIDWAY AIRPORT 3 SW, IL US","41.7372","-87.7775","189.0","2022-03-31",,,"0.36","0.1","0.0",,"50","34","34",,,,,"    1",,,,,,,
"USC00111577","CHICAGO MIDWAY AIRPORT 3 SW, IL US","41.7372","-87.7775","189.0","2022-04-01",,,"0.00","0.0","0.0",,"47","33","38",,,,,,,,,,,,
"USC00111577","CHICAGO MIDWAY AIRPORT 3 SW, IL US","41.7372","-87.7775","189.0","2022-04-02",,,"0.22","0.0","0.0",,"45","35","38",,,,,,,,,,,,
"USC00111577","CHICAGO MIDWAY AIRPORT 3 SW, IL US","41.7372","-87.7775","189.0","2022-04-03",,,"0.15","0.0","0.0",,"49","33","43",,,,,"    1",,,,,,,
"USC00111577","CHICAGO MIDWAY AIRPORT 3 SW, IL US","41.7372","-87.7775","189.0","2022-04-04",,,"0.07","0.0","0.0",,"55","43","46",,,,,"    1",,,,,,,
"USC00111577","CHICAGO MIDWAY AIRPORT 3 SW, IL US","41.7372","-87.7775","189.0","2022-04-05",,,"0.03","0.0","0.0",,"55","39","55",,,,,"    1",,,,,,,
"USC00111577","CHICAGO MIDWAY AIRPORT 3 SW, IL US","41.7372","-87.7775","189.0","2022-04-06",,,"0.57","0.0","0.0",,"59","45","45",,,,,"    1",,,,,,,
"USC00111577","CHICAGO MIDWAY AIRPORT 3 SW, IL US","41.7372","-87.7775","189.0","2022-04-07",,,"0.07","0.0","0.0",,"46","41","41",,,,,"    1",,,,,,,
"USC00111577","CHICAGO MIDWAY AIRPORT 3 SW, IL US","41.7372","-87.7775","189.0","2022-04-08",,,"0.26","0.1","0.0",,"43","35","35",,,,,"    1",,,,,,,
"USC00111577","CHICAGO MIDWAY AIRPORT 3 SW, IL US","41.7372","-87.7775","189.0","2022-04-09",,,"0.00","0.0","0.0",,"50","34","39",,,,,,,,,,,,
"USC00111577","CHICAGO MIDWAY AIRPORT 3 SW, IL US","41.7372","-87.7775","189.0","2022-04-10",,,"0.00","0.0","0.0",,"64","36","61",,,,,,,,,,,,
"USC00111577","CHICAGO MIDWAY AIRPORT 3 SW, IL US","41.7372","-87.7775","189.0","2022-04-11",,,"0.00","0.0","0.0",,"63","48","48",,,,,,,,,,,,
"USC00111577","CHICAGO MIDWAY AIRPORT 3 SW, IL US","41.7372","-87.7775","189.0","2022-04-12",,,"0.00","0.0","0.0",,"72","43","68",,,,,,,,,,,,
"USC00111577","CHICAGO MIDWAY AIRPORT 3 SW, IL US","41.7372","-87.7775","189.0","2022-04-13",,,"0.50","0.0","0.0",,"72","42","42",,,,,"    1",,"    1",,,,,"    1"
"USC00111577","CHICAGO MIDWAY AIRPORT 3 SW, IL US","41.7372","-87.7775","189.0","2022-04-14",,,"0.00","0.0","0.0",,"55","37","46",,,,,,,,,,,,"    1"
"USC00111577","CHICAGO MIDWAY AIRPORT 3 SW, IL US","41.7372","-87.7775","189.0","2022-04-15",,,"0.05","0.0","0.0",,"56","42","42",,,,,"    1",,,"    1",,,,
"USC00111577","CHICAGO MIDWAY AIRPORT 3 SW, IL US","41.7372","-87.7775","189.0","2022-04-16",,,"0.00","0.0","0.0",,"51","35","37",,,,,,,,,,,,
"USC00111577","CHICAGO MIDWAY AIRPORT 3 SW, IL US","41.7372","-87.7775","189.0","2022-04-17",,,"0.00","0.0","0.0",,"43","34","40",,,,,,,,,,,,
"USC00111577","CHICAGO MIDWAY AIRPORT 3 SW, IL US","41.7372","-87.7775","189.0","2022-04-18",,,"0.14","0.4","0.0",,"42","35","38",,,,,"    1",,,,,,,
"USC00111577","CHICAGO MIDWAY AIRPORT 3 SW, IL US","41.7372","-87.7775","189.0","2022-04-19",,,"0.00","0.0","0.0",,"51","38","45",,,,,,,,,,,,
"USC00111577","CHICAGO MIDWAY AIRPORT 3 SW, IL US","41.7372","-87.7775","189.0","2022-04-20",,,"0.22","0.0","0.0",,"56","43","52",,,,,"    1",,,,,,,
"USC00111577","CHICAGO MIDWAY AIRPORT 3 SW, IL US","41.7372","-87.7775","189.0","2022-04-21",,,"0.07","0.0","0.0",,"71","51","56",,,,,,,,,,,,
"USC00111577","CHICAGO MIDWAY AIRPORT 3 SW, IL US","41.7372","-87.7775","189.0","2022-04-22",,,"0.72","0.0","0.0",,"61","50","59",,,,,"    1",,"    1",,,,,
"USC00111577","CHICAGO MIDWAY AIRPORT 3 SW, IL US","41.7372","-87.7775","189.0","2022-04-23",,,"0.00","0.0","0.0",,"86","57","75",,,,,,,,,,,,
"USC00111577","CHICAGO MIDWAY AIRPORT 3 SW, IL US","41.7372","-87.7775","189.0","2022-04-24",,,"0.10","0.0","0.0",,"75","58","58",,,,,"    1",,,,,,,
"USC00111577","CHICAGO MIDWAY AIRPORT 3 SW, IL US","41.7372","-87.7775","189.0","2022-04-25",,,"0.00","0.0","0.0",,"58","42","42",,,,,,,,,,,,
"USC00111577","CHICAGO MIDWAY AIRPORT 3 SW, IL US","41.7372","-87.7775","189.0","2022-04-26",,,"0.00","0.0","0.0",,"54","39","39",,,,,,,,,,,,
"USC00111577","CHICAGO MIDWAY AIRPORT 3 SW, IL US","41.7372","-87.7775","189.0","2022-04-27",,,"0.00","0.0","0.0",,"44","36","40",,,,,,,,,,,,
"USC00111577","CHICAGO MIDWAY AIRPORT 3 SW, IL US","41.7372","-87.7775","189.0","2022-04-28",,,"0.00","0.0","0.0",,"52","40","51",,,,,,,,,,,,
"USC00111577","CHICAGO MIDWAY AIRPORT 3 SW, IL US","41.7372","-87.7775","189.0","2022-04-29",,,"0.01","0.0","0.0",,"70","51","56",,,,,,,,,,,,
"USC00111577","CHICAGO MIDWAY AIRPORT 3 SW, IL US","41.7372","-87.7775","189.0","2022-04-30",,,"0.70","0.0","0.0",,"73","52","59",,,,,"    1",,"    1",,,,,
"USC00111577","CHICAGO MIDWAY AIRPORT 3 SW, IL US","41.7372","-87.7775","189.0","2022-05-01",,,"0.00",,"0.0",,"59","51",,,,,,,,,,,,,
"USC00111577","CHICAGO MIDWAY AIRPORT 3 SW, IL US","41.7372","-87.7775","189.0","2022-05-02",,,"0.00","0.0","0.0",,"56","47","50",,,,,,,,,,,,
"USC00111577","CHICAGO MIDWAY AIRPORT 3 SW, IL US","41.7372","-87.7775","189.0","2022-05-03",,,,"0.0","0.0",,"52","45","45",,,,,,,,,,,,
"USC00111577","CHICAGO MIDWAY AIRPORT 3 SW, IL US","41.7372","-87.7775","189.0","2022-05-04",,,"0.00","0.0","0.0",,"57","42","45",,,,,,,,,,,,
"USC00111577","CHICAGO MIDWAY AIRPORT 3 SW, IL US","41.7372","-87.7775","189.0","2022-05-05",,,,"0.0","0.0",,"54","45","52",,,,,,,,,,,,
"USC00111577","CHICAGO MIDWAY AIRPORT 3 SW, IL US","41.7372","-87.7775","189.0","2022-05-06",,,,"0.0","0.0",,"54","50","53",,,,,,,,,,,,
"USC00111577","CHICAGO MIDWAY AIRPORT 3 SW, IL US","41.7372","-87.7775","189.0","2022-05-07",,,"0.00","0.0","0.0",,"65","48","49",,,,,,,,,,,,
"USC00111577","CHICAGO MIDWAY AIRPORT 3 SW, IL US","41.7372","-87.7775","189.0","2022-05-08",,,"0.00","0.0","0.0",,"69","46","61",,,,,,,,,,,,
"USC00111577","CHICAGO MIDWAY AIRPORT 3 SW, IL US","41.7372","-87.7775","189.0","2022-05-09",,,"0.00","0.0","0.0",,"85","57","74",,,,,,,,,,,,
"USC00111577","CHICAGO MIDWAY AIRPORT 3 SW, IL US","41.7372","-87.7775","189.0","2022-05-10",,,"0.00","0.0","0.0",,"92","70","82",,,,,,,,,,,,
"USC00111577","CHICAGO MIDWAY AIRPORT 3 SW, IL US","41.7372","-87.7775","189.0","2022-05-11",,,"0.00","0.0","0.0",,"91","77","82",,,,,,,,,,,,
"USC00111577","CHICAGO MIDWAY AIRPORT 3 SW, IL US","41.7372","-87.7775","189.0","2022-05-12",,,"0.00","0.0","0.0",,"95","76","79",,,,,,,,,,,,
"USC00111577","CHICAGO MIDWAY AIRPORT 3 SW, IL US","41.7372","-87.7775","189.0","2022-05-13",,,"0.00","0.0","0.0",,"93","71","76",,,,,,,,,,,,
"USC00111577","CHICAGO MIDWAY AIRPORT 3 SW, IL US","41.7372","-87.7775","189.0","2022-05-14",,,"0.00","0.0","0.0",,"85","68","69",,,,,,,,,,,,
"USC00111577","CHICAGO MIDWAY AIRPORT 3 SW, IL US","41.7372","-87.7775","189.0","2022-05-15",,,,"0.0","0.0",,"79","59","59",,,,,,,,,,,,
"USC00111577","CHICAGO MIDWAY AIRPORT 3 SW, IL US","41.7372","-87.7775","189.0","2022-05-16",,,"0.00","0.0","0.0",,"80","56","68",,,,,,,,,,,,
"USC00111577","CHICAGO MIDWAY AIRPORT 3 SW, IL US","41.7372","-87.7775","189.0","2022-05-17",,,"0.00","0.0","0.0",,,"54","58",,,,,,,,,,,,
"USC00111577","CHICAGO MIDWAY AIRPORT 3 SW, IL US","41.7372","-87.7775","189.0","2022-05-18",,,,"0.0","0.0",,"64","55","58",,,,,,,,,,,,
"USC00111577","CHICAGO MIDWAY AIRPORT 3 SW, IL US","41.7372","-87.7775","189.0","2022-05-19",,,"0.00","0.0","0.0",,"88","56","71",,,,,,,,,,,,
"USC00111577","CHICAGO MIDWAY AIRPORT 3 SW, IL US","41.7372","-87.7775","189.0","2022-05-20",,,,"0.0","0.0",,"89","62","62",,,,,,,,,,,,
"USC00111577","CHICAGO MIDWAY AIRPORT 3 SW, IL US","41.7372","-87.7775","189.0","2022-05-21",,,"0.28","0.0","0.0",,"64","57","60",,,,,,,,,,,,
"USC00111577","CHICAGO MIDWAY AIRPORT 3 SW, IL US","41.7372","-87.7775","189.0","2022-05-22",,,"0.00","0.0","0.0",,"65","53","53",,,,,,,,,,,,
"USC00111577","CHICAGO MIDWAY AIRPORT 3 SW, IL US","41.7372","-87.7775","189.0","2022-05-23",,,"0.00","0.0","0.0",,"63","48","53",,,,,,,,,,,,
"USC00111577","CHICAGO MIDWAY AIRPORT 3 SW, IL US","41.7372","-87.7775","189.0","2022-05-24",,,"0.00","0.0","0.0",,"68","52","60",,,,,,,,,,,,
"USC00111577","CHICAGO MIDWAY AIRPORT 3 SW, IL US","41.7372","-87.7775","189.0","2022-05-25",,,,"0.0","0.0",,"83","58","71",,,,,,,,,,,,
"USC00111577","CHICAGO MIDWAY AIRPORT 3 SW, IL US","41.7372","-87.7775","189.0","2022-05-26",,,,"0.0","0.0",,"79","65","65",,,,,,,,,,,,
"USC00111577","CHICAGO MIDWAY AIRPORT 3 SW, IL US","41.7372","-87.7775","189.0","2022-05-27",,,,"0.0","0.0",,"65","52","52",,,,,,,,,,,,
"USC00111577","CHICAGO MIDWAY AIRPORT 3 SW, IL US","41.7372","-87.7775","189.0","2022-05-28",,,"0.00","0.0","0.0",,"76","51","67",,,,,,,,,,,,
"USC00111577","CHICAGO MIDWAY AIRPORT 3 SW, IL US","41.7372","-87.7775","189.0","2022-05-29",,,"0.00","0.0","0.0",,"87","65","76",,,,,,,,,,,,
"USC00111577","CHICAGO MIDWAY AIRPORT 3 SW, IL US","41.7372","-87.7775","189.0","2022-05-30",,,"0.00","0.0","0.0",,"92","73","80",,,,,,,,,,,,
"USC00111577","CHICAGO MIDWAY AIRPORT 3 SW, IL US","41.7372","-87.7775","189.0","2022-05-31",,,"0.00","0.0","0.0",,"90","75","79",,,,,,,,,,,,
"USC00111577","CHICAGO MIDWAY AIRPORT 3 SW, IL US","41.7372","-87.7775","189.0","2022-06-01",,,,"0.0","0.0",,"79","61","61",,,,,,,,,,,,
"USC00111577","CHICAGO MIDWAY AIRPORT 3 SW, IL US","41.7372","-87.7775","189.0","2022-06-02",,,"0.02","0.0","0.0",,"79","60","65",,,,,,,,,,,,
"USC00111577","CHICAGO MIDWAY AIRPORT 3 SW, IL US","41.7372","-87.7775","189.0","2022-06-03",,,"0.00","0.0","0.0",,"83","62","62",,,,,,,,,,,,
"USC00111577","CHICAGO MIDWAY AIRPORT 3 SW, IL US","41.7372","-87.7775","189.0","2022-06-04",,,"0.00","0.0","0.0",,"72","59","64",,,,,,,,,,,,
"USW00014819","CHICAGO MIDWAY AIRPORT, IL US","41.78412","-87.75514","185.8","2022-01-01","18.12",,"0.04",,"0.0",,"41","31",,"   30","   30","25.9","36.0","    1",,,,,,,
"USW00014819","CHICAGO MIDWAY AIRPORT, IL US","41.78412","-87.75514","185.8","2022-01-02","11.18",,"0.01",,"3.1",,"32","16",,"  340","  350","21.0","27.1","    1",,,,,,,
"USW00014819","CHICAGO MIDWAY AIRPORT, IL US","41.78412","-87.75514","185.8","2022-01-03","8.72",,"0.00",,"2.0",,"24","10",,"  210","  210","16.1","25.1",,,,,,,,
"USW00014819","CHICAGO MIDWAY AIRPORT, IL US","41.78412","-87.75514","185.8","2022-01-04","13.42",,"0.00",,"2.0",,"36","24",,"  220","  200","23.0","38.0",,,,,,,,
"USW00014819","CHICAGO MIDWAY AIRPORT, IL US","41.78412","-87.75514","185.8","2022-01-05","21.70",,"0.00",,"2.0",,"35","13",,"  260","  260","33.1","47.0","    1",,,,,"    1","    1",
"USW00014819","CHICAGO MIDWAY AIRPORT, IL US","41.78412","-87.75514","185.8","2022-01-06","13.42",,"0.00",,"2.0",,"16","6",,"  280","  250","21.0","28.0","    1",,,,,,,
"USW00014819","CHICAGO MIDWAY AIRPORT, IL US","41.78412","-87.75514","185.8","2022-01-07","8.50",,"0.00",,"2.0",,"15","1",,"  280","  260","15.0","21.9",,,,,,,,
"USW00014819","CHICAGO MIDWAY AIRPORT, IL US","41.78412","-87.75514","185.8","2022-01-08","11.86",,"0.02",,"2.0",,"36","15",,"  170","  160","21.0","29.1","    1",,,,"    1",,,
"USW00014819","CHICAGO MIDWAY AIRPORT, IL US","41.78412","-87.75514","185.8","2022-01-09","12.75",,"0.00",,"1.2",,"37","12",,"  320","  310","28.0","36.9","    1",,,,,,,
"USW00014819","CHICAGO MIDWAY AIRPORT, IL US","41.78412","-87.75514","185.8","2022-01-10","9.62",,"0.00",,"1.2",,"20","8",,"  340","  340","21.0","23.9",,,,,,,,
"USW00014819","CHICAGO MIDWAY AIRPORT, IL US","41.78412","-87.75514","185.8","2022-01-11","12.08",,"0.00",,"1.2",,"38","6",,"  200","  200","23.9","38.0",,,,,,,,
"USW00014819","CHICAGO MIDWAY AIRPORT, IL US","41.78412","-87.75514","185.8","2022-01-12","7.38",,"0.00",,"1.2",,"42","30",,"  240","  250","15.0","23.0",,,,,,,,
"USW00014819","CHICAGO MIDWAY AIRPORT, IL US","41.78412","-87.75514","185.8","2022-01-13","5.82",,"0.00",,"0.0",,"41","29",,"   10","   10","14.1","19.9","    1",,,,,,,
"USW00014819","CHICAGO MIDWAY AIRPORT, IL US","41.78412","-87.75514","185.8","2022-01-14","16.11",,"0.00",,"0.0",,"38","28",,"   50","   60","21.9","30.0","    1",,,,,"    1",,
"USW00014819","CHICAGO MIDWAY AIRPORT, IL US","41.78412","-87.75514","185.8","2022-01-15","12.75",,"0.00",,"1.2",,"28","21",,"   50","   70","19.9","27.1","    1",,,,,,,
"USW00014819","CHICAGO MIDWAY AIRPORT, IL US","41.78412","-87.75514","185.8","2022-01-16","6.04",,"0.00",,"1.2",,"30","14",,"  320","  330","15.0","21.0","    1",,,,,,,
"USW00014819","CHICAGO MIDWAY AIRPORT, IL US","41.78412","-87.75514","185.8","2022-01-17","11.63",,"0.00",,"0.0",,"30","25",,"  310","  300","21.0","29.1",,,,,,,,
"USW00014819","CHICAGO MIDWAY AIRPORT, IL US","41.78412","-87.75514","185.8","2022-01-18","12.75",,"0.00",,"0.0",,"45","22",,"  200","  210","23.9","36.0",,,,,,,,
"USW00014819","CHICAGO MIDWAY AIRPORT, IL US","41.78412","-87.75514","185.8","2022-01-19","15.21",,"0.00",,"0.0",,"43","13",,"  320","  250","21.9","29.1",,,,,,,,
"USW00014819","CHICAGO MIDWAY AIRPORT, IL US","41.78412","-87.75514","185.8","2022-01-20","10.51",,"0.00",,"0.0",,"22","9",,"  320","  320","19.9","25.1",,,,,,,,
"USW00014819","CHICAGO MIDWAY AIRPORT, IL US","41.78412","-87.75514","185.8","2022-01-21","6.49",,"0.00",,"0.0",,"27","10",,"  180","  170","14.1","21.9",,,,,,,,
"USW00014819","CHICAGO MIDWAY AIRPORT, IL US","41.78412","-87.75514","185.8","2022-01-22","14.32",,"0.00",,"0.0",,"36","20",,"  260","  260","25.1","35.1","    1",,,,,,,
"USW00014819","CHICAGO MIDWAY AIRPORT, IL US","41.78412","-87.75514","185.8","2022-01-23","10.51",,"0.16",,"3.1",,"25","10",,"  350","  350","21.9","29.1","    1",,,,,,,
"USW00014819","CHICAGO MIDWAY AIRPORT, IL US","41.78412","-87.75514","185.8","2022-01-24","10.51",,"0.07",,"3.1",,"29","13",,"  330","  340","21.9","27.1","    1",,,,,,,
"USW00014819","CHICAGO MIDWAY AIRPORT, IL US","41.78412","-87.75514","185.8","2022-01-25","10.96",,"0.00",,"3.9",,"15","2",,"  310","  290","18.1","23.9",,,,,,,,
"USW00014819","CHICAGO MIDWAY AIRPORT, IL US","41.78412","-87.75514","185.8","2022-01-26","8.72",,"0.00",,"3.9",,"15","-5",,"  210","  170","17.0","25.1",,,,,,,,
"USW00014819","CHICAGO MIDWAY AIRPORT, IL US","41.78412","-87.75514","185.8","2022-01-27","11.41",,"0.00",,"3.1",,"33","14",,"  260","  250","21.9","29.1","    1",,,,,,,
"USW00014819","CHICAGO MIDWAY AIRPORT, IL US","41.78412","-87.75514","185.8","2022-01-28","9.17",,"0.06",,"7.9",,"29","12",,"  360","  360","18.1","23.0","    1",,,,,,,
"USW00014819","CHICAGO MIDWAY AIRPORT, IL US","41.78412","-87.75514","185.8","2022-01-29","7.38",,"0.00",,"7.1",,"23","9",,"  200","  170","12.1","23.0",,,,,,,,
"USW00014819","CHICAGO MIDWAY AIRPORT, IL US","41.78412","-87.75514","185.8","2022-01-30","6.26",,"0.00",,"5.1",,"33","14",,"  330","  330","14.1","17.0",,,,,,,,
"USW00014819","CHICAGO MIDWAY AIRPORT, IL US","41.78412","-87.75514","185.8","2022-01-31","8.28",,"0.00",,"5.1",,"35","28",,"  170","  150","18.1","32.0",,,,,,"    1",,
"USW00014819","CHICAGO MIDWAY AIRPORT, IL US","41.78412","-87.75514","185.8","2022-02-01","11.18",,"0.11",,"3.9",,"49","33",,"  210","  210","19.9","31.1","    1",,,,,,,
"USW00014819","CHICAGO MIDWAY AIRPORT, IL US","41.78412","-87.75514","185.8","2022-02-02","15.66",,"0.13",,"3.9",,"33","19",,"  350","  350","21.9","35.1","    1",,,,,,,
"USW00014819","CHICAGO MIDWAY AIRPORT, IL US","41.78412","-87.75514","185.8","2022-02-03","17.90",,"0.00",,"7.9",,"27","19",,"   30","   20","25.9","35.1",,,,,,,,
"USW00014819","CHICAGO MIDWAY AIRPORT, IL US","41.78412","-87.75514","185.8","2022-02-04","10.51",,"0.00",,"7.1",,"26","12",,"  300","  280","21.9","28.0","    1",,,,,,,
"USW00014819","CHICAGO MIDWAY AIRPORT, IL US","41.78412","-87.75514","185.8","2022-02-05","11.41",,"0.00",,"5.9",,"19","6",,"  200","  170","21.0","34.0",,,,,,,,
"USW00014819","CHICAGO MIDWAY AIRPORT, IL US","41.78412","-87.75514","185.8","2022-02-06","12.30",,"0.00",,"5.9",,"33","18",,"  210","  180","17.0","32.0",,,,,,,,
"USW00014819","CHICAGO MIDWAY AIRPORT, IL US","41.78412","-87.75514","185.8","2022-02-07","10.51",,"0.00",,"5.1",,"32","18",,"  270","  260","18.1","25.9","    1",,,,"    1",,,
"USW00014819","CHICAGO MIDWAY AIRPORT, IL US","41.78412","-87.75514","185.8","2022-02-08","10.51",,"0.00",,"5.1",,"41","18",,"  190","  180","17.0","29.1",,,,,,,,
"USW00014819","CHICAGO MIDWAY AIRPORT, IL US","41.78412","-87.75514","185.8","2022-02-09","13.20",,"0.00",,"3.9",,"42","34",,"  270","  260","23.0","31.1",,,,,,,,
"USW00014819","CHICAGO MIDWAY AIRPORT, IL US","41.78412","-87.75514","185.8","2022-02-10","13.20",,"0.00",,"2.0",,"36","28",,"  210","  190","21.0","30.0",,,,,,,,
"USW00014819","CHICAGO MIDWAY AIRPORT, IL US","41.78412","-87.75514","185.8","2022-02-11","16.78",,"0.14",,"2.0",,"45","30",,"  280","  270","30.0","44.1","    1",,,,,,,
"USW00014819","CHICAGO MIDWAY AIRPORT, IL US","41.78412","-87.75514","185.8","2022-02-12","11.63",,"0.00",,"0.0",,"31","15",,"  330","  320","21.9","29.1",,,,,,,,
"USW00014819","CHICAGO MIDWAY AIRPORT, IL US","41.78412","-87.75514","185.8","2022-02-13","8.28",,"0.00",,"0.0",,"21","14",,"  300","  310","15.0","23.9",,,,,,"    1",,
"USW00014819","CHICAGO MIDWAY AIRPORT, IL US","41.78412","-87.75514","185.8","2022-02-14","7.16",,"0.00",,"0.0",,"27","15",,"  190","  200","13.0","19.0",,,,,,,,
"USW00014819","CHICAGO MIDWAY AIRPORT, IL US","41.78412","-87.75514","185.8","2022-02-15","11.18",,"0.00",,"0.0",,"46","23",,"  180","  200","21.9","36.9",,,,,,,,
"USW00014819","CHICAGO MIDWAY AIRPORT, IL US","41.78412","-87.75514","185.8","2022-02-16","18.12",,"1.10",,"0.0",,"54","43",,"  210","  200","29.1","44.1","    1",,,,,,,
"USW00014819","CHICAGO MIDWAY AIRPORT, IL US","41.78412","-87.75514","185.8","2022-02-17","18.79",,"0.18",,"0.0",,"43","17",,"  360","   20","30.0","40.0","    1","    1",,,,"    1",,
"USW00014819","CHICAGO MIDWAY AIRPORT, IL US","41.78412","-87.75514","185.8","2022-02-18","16.11",,"0.00",,"3.1",,"32","8",,"  290","  270","31.1","50.1","    1",,,,,"    1",,
"USW00014819","CHICAGO MIDWAY AIRPORT, IL US","41.78412","-87.75514","185.8","2022-02-19","14.09",,"0.00",,"1.2",,"29","11",,"  290","  290","33.1","48.1",,,,,,,,
"USW00014819","CHICAGO MIDWAY AIRPORT, IL US","41.78412","-87.75514","185.8","2022-02-20","16.78",,"0.00",,"1.2",,"49","18",,"  230","  220","35.1","45.0",,,,,,,,
"USW00014819","CHICAGO MIDWAY AIRPORT, IL US","41.78412","-87.75514","185.8","2022-02-21","5.82",,"0.00",,"0.0",,"54","33",,"   30","   30","13.0","17.0","    1",,,,,"    1",,
"USW00014819","CHICAGO MIDWAY AIRPORT, IL US","41.78412","-87.75514","185.8","2022-02-22","10.96",,"1.05",,"0.0",,"54","25",,"  290","  300","23.9","33.1","    1",,"    1",,,"    1",,
"USW00014819","CHICAGO MIDWAY AIRPORT, IL US","41.78412","-87.75514","185.8","2022-02-23","12.08",,"0.00",,"0.0",,"26","18",,"  300","  300","21.0","31.1","    1",,,,,,,
"USW00014819","CHICAGO MIDWAY AIRPORT, IL US","41.78412","-87.75514","185.8","2022-02-24","12.30",,"0.02",,"0.0",,"29","24",,"   70","   60","21.9","29.1","    1",,,,,,,
"USW00014819","CHICAGO MIDWAY AIRPORT, IL US","41.78412","-87.75514","185.8","2022-02-25","7.83",,"0.04",,"3.1",,"31","20",,"  320","  310","14.1","18.1","    1",,,,,,,
"USW00014819","CHICAGO MIDWAY AIRPORT, IL US","41.78412","-87.75514","185.8","2022-02-26","10.96",,"0.00",,"1.2",,"33","15",,"  240","  230","17.0","25.9",,,,,,,,
"USW00014819","CHICAGO MIDWAY AIRPORT, IL US","41.78412","-87.75514","185.8","2022-02-27","8.95",,"0.00",,"1.2",,"46","29",,"  240","  240","21.0","27.1",,,,,,,,
"USW00014819","CHICAGO MIDWAY AIRPORT, IL US","41.78412","-87.75514","185.8","2022-02-28","10.07",,"0.00",,"0.0",,"55","29",,"  230","  230","25.9","36.9",,,,,,,,
"USW00014819","CHICAGO MIDWAY AIRPORT, IL US","41.78412","-87.75514","185.8","2022-03-01","7.83",,"0.00",,"0.0",,"52","36",,"   80","   90","13.0","17.0",,,,,,,,
"USW00014819","CHICAGO MIDWAY AIRPORT, IL US","41.78412","-87.75514","185.8","2022-03-02","9.40",,"0.00",,"0.0",,"60","34",,"   40","   30","21.9","29.1",,,,,,,,
"USW00014819","CHICAGO MIDWAY AIRPORT, IL US","41.78412","-87.75514","185.8","2022-03-03","12.30",,"0.00",,"0.0",,"38","30",,"   30","   40","23.0","32.0",,,,,,,,
"USW00014819","CHICAGO MIDWAY AIRPORT, IL US","41.78412","-87.75514","185.8","2022-03-04","9.17",,"0.00",,"0.0",,"43","30",,"  130","  110","16.1","21.9",,,,,,,,
"USW00014819","CHICAGO MIDWAY AIRPORT, IL US","41.78412","-87.75514","185.8","2022-03-05","15.88",,"0.19",,"0.0",,"71","42",,"  270","  290","36.9","59.9","    1",,"    1",,,,,
"USW00014819","CHICAGO MIDWAY AIRPORT, IL US","41.78412","-87.75514","185.8","2022-03-06","16.55",,"0.09",,"0.0",,"61","37",,"  270","  250","40.0","53.9","    1",,"    1","    1",,,,
"USW00014819","CHICAGO MIDWAY AIRPORT, IL US","41.78412","-87.75514","185.8","2022-03-07","12.97",,"0.25",,"1.2",,"38","32",,"  300","  290","21.0","30.0","    1",,,"    1",,"    1",,
"USW00014819","CHICAGO MIDWAY AIRPORT, IL US","41.78412","-87.75514","185.8","2022-03-08","7.83",,"0.00",,,,"42","28",,"  240","  230","16.1","21.9",,,,,,,,
"USW00014819","CHICAGO MIDWAY AIRPORT, IL US","41.78412","-87.75514","185.8","2022-03-09","9.62",,"0.00",,,,"44","30",,"  290","  300","19.9","27.1",,,,,,,,
"USW00014819","CHICAGO MIDWAY AIRPORT, IL US","41.78412","-87.75514","185.8","2022-03-10","7.61",,"0.01",,,,"33","26",,"  360","  330","14.1","19.0","    1",,,,,,,
"USW00014819","CHICAGO MIDWAY AIRPORT, IL US","41.78412","-87.75514","185.8","2022-03-11","13.87",,"0.00",,"1.2",,"33","18",,"  280","  300","25.1","38.0","    1",,,,,,,
"USW00014819","CHICAGO MIDWAY AIRPORT, IL US","41.78412","-87.75514","185.8","2022-03-12","13.65",,"0.00",,,,"24","13",,"  320","  310","21.9","30.0",,,,,,,,
"USW00014819","CHICAGO MIDWAY AIRPORT, IL US","41.78412","-87.75514","185.8","2022-03-13","12.08",,"0.00",,,,"53","22",,"  260","  260","23.0","31.1",,,,,,,,
"USW00014819","CHICAGO MIDWAY AIRPORT, IL US","41.78412","-87.75514","185.8","2022-03-14","10.07",,"0.00",,,,"65","40",,"  210","  200","21.0","32.0",,,,,,,,
"USW00014819","CHICAGO MIDWAY AIRPORT, IL US","41.78412","-87.75514","185.8","2022-03-15","5.14",,"0.00",,,,"55","35",,"  350","   80","13.0","16.1",,,,,,,,
"USW00014819","CHICAGO MIDWAY AIRPORT, IL US","41.78412","-87.75514","185.8","2022-03-16","7.83",,"0.00",,,,"72","38",,"  210","  210","23.0","30.0",,,,,,,,
"USW00014819","CHICAGO MIDWAY AIRPORT, IL US","41.78412","-87.75514","185.8","2022-03-17","7.61",,"0.00",,,,"74","49",,"   50","   50","16.1","19.0",,,,,,,,
"USW00014819","CHICAGO MIDWAY AIRPORT, IL US","41.78412","-87.75514","185.8","2022-03-18","13.87",,"0.59",,,,"50","42",,"   40","   30","25.1","34.0","    1",,"    1",,,,,
"USW00014819","CHICAGO MIDWAY AIRPORT, IL US","41.78412","-87.75514","185.8","2022-03-19","10.29",,"0.16",,,,"44","39",,"  350","   20","19.9","27.1","    1",,,,,,,
"USW00014819","CHICAGO MIDWAY AIRPORT, IL US","41.78412","-87.75514","185.8","2022-03-20","6.04",,"0.00",,,,"65","34",,"  270","  210","14.1","21.0",,,,,,,,
"USW00014819","CHICAGO MIDWAY AIRPORT, IL US","41.78412","-87.75514","185.8","2022-03-21","8.95",,"0.00",,,,"77","44",,"  250","  210","21.9","29.1",,,,,,,,
"USW00014819","CHICAGO MIDWAY AIRPORT, IL US","41.78412","-87.75514","185.8","2022-03-22","15.21",,"0.13",,,,"62","50",,"  120","  110","28.0","38.0","    1",,,,,,,
"USW00014819","CHICAGO MIDWAY AIRPORT, IL US","41.78412","-87.75514","185.8","2022-03-23","10.29",,"0.53",,,,"60","46",,"  140","  230","23.9","33.1","    1",,"    1",,,,,
"USW00014819","CHICAGO MIDWAY AIRPORT, IL US","41.78412","-87.75514","185.8","2022-03-24","10.51",,"0.10",,,,"46","41",,"  210","  210","19.9","27.1","    1",,,,,,,
"USW00014819","CHICAGO MIDWAY AIRPORT, IL US","41.78412","-87.75514","185.8","2022-03-25","16.11",,"0.02",,,,"50","36",,"  300","  290","36.0","48.1","    1",,,"    1",,"    1",,
"USW00014819","CHICAGO MIDWAY AIRPORT, IL US","41.78412","-87.75514","185.8","2022-03-26","16.11",,"0.00",,,,"36","29",,"  330","  340","23.9","33.1",,,,,,,,
"USW00014819","CHICAGO MIDWAY AIRPORT, IL US","41.78412","-87.75514","185.8","2022-03-27","9.40",,"0.00",,,,"38","25",,"  330","  350","23.0","30.0",,,,,,,,
"USW00014819","CHICAGO MIDWAY AIRPORT, IL US","41.78412","-87.75514","185.8","2022-03-28","9.62",,"0.00",,,,"35","25",,"   20","   30","17.0","23.9",,,,,,,,
"USW00014819","CHICAGO MIDWAY AIRPORT, IL US","41.78412","-87.75514","185.8","2022-03-29","14.09",,"0.00",,,,"45","31",,"  130","  140","23.9","34.0",,,,,,,,
"USW00014819","CHICAGO MIDWAY AIRPORT, IL US","41.78412","-87.75514","185.8","2022-03-30","12.30",,"1.32",,,,"64","46",,"  260","  200","23.0","32.0","    1",,,,,,,
"USW00014819","CHICAGO MIDWAY AIRPORT, IL US","41.78412","-87.75514","185.8","2022-03-31","10.96",,"0.34",,,,"50","34",,"  260","  270","19.9","27.1","    1",,,,,,,
"USW00014819","CHICAGO MIDWAY AIRPORT, IL US","41.78412","-87.75514","185.8","2022-04-01","8.95",,"0.00",,,,"47","33",,"  340","  290","17.0","23.0","    1",,,,,,,
"USW00014819","CHICAGO MIDWAY AIRPORT, IL US","41.78412","-87.75514","185.8","2022-04-02","8.50",,"0.22",,,,"45","35",,"  330","  160","19.9","25.9","    1",,,,,,,
"USW00014819","CHICAGO MIDWAY AIRPORT, IL US","41.78412","-87.75514","185.8","2022-04-03","5.59",,"0.13",,,,"49","33",,"   80","   90","13.0","19.0","    1",,,,,,,
"USW00014819","CHICAGO MIDWAY AIRPORT, IL US","41.78412","-87.75514","185.8","2022-04-04","10.74",,"0.05",,,,"55","43",,"  280","  240","21.9","30.0","    1",,,,,,,
"USW00014819","CHICAGO MIDWAY AIRPORT, IL US","41.78412","-87.75514","185.8","2022-04-05","8.72",,"0.03",,,,"55","39",,"  130","  150","15.0","19.9","    1",,,,,"    1",,
"USW00014819","CHICAGO MIDWAY AIRPORT, IL US","41.78412","-87.75514","185.8","2022-04-06","16.33",,"0.51",,,,"59","45",,"  230","  240","32.0","46.1","    1",,,,,,,
"USW00014819","CHICAGO MIDWAY AIRPORT, IL US","41.78412","-87.75514","185.8","2022-04-07","15.88",,"0.04",,,,"46","41",,"  250","  250","25.1","38.0","    1",,,,,,,
"USW00014819","CHICAGO MIDWAY AIRPORT, IL US","41.78412","-87.75514","185.8","2022-04-08","8.28",,"0.18",,,,"43","34",,"  330","  310","17.0","21.9","    1",,,"    1",,,,
"USW00014819","CHICAGO MIDWAY AIRPORT, IL US","41.78412","-87.75514","185.8","2022-04-09","8.50",,"0.00",,,,"50","34",,"  340","  340","19.9","23.9","    1",,,,,,,
"USW00014819","CHICAGO MIDWAY AIRPORT, IL US","41.78412","-87.75514","185.8","2022-04-10","12.30",,"0.00",,,,"64","36",,"  140","  150","30.0","42.1",,,,,,,,
"USW00014819","CHICAGO MIDWAY AIRPORT, IL US","41.78412","-87.75514","185.8","2022-04-11","8.50",,"0.00",,,,"63","48",,"  270","  250","19.9","29.1",,,,,,,,
"USW00014819","CHICAGO MIDWAY AIRPORT, IL US","41.78412","-87.75514","185.8","2022-04-12","12.97",,"0.00",,,,"72","43",,"  150","  140","28.0","38.9","    1",,,,,,,
"USW00014819","CHICAGO MIDWAY AIRPORT, IL US","41.78412","-87.75514","185.8","2022-04-13","16.33",,"0.72",,,,"72","42",,"  230","  220","33.1","50.1","    1",,"    1",,,,,
"USW00014819","CHICAGO MIDWAY AIRPORT, IL US","41.78412","-87.75514","185.8","2022-04-14","19.24",,"0.00",,,,"55","37",,"  260","  250","38.0","57.9",,,,,,,,
"USW00014819","CHICAGO MIDWAY AIRPORT, IL US","41.78412","-87.75514","185.8","2022-04-15","13.42",,"0.04",,,,"56","42",,"  300","  260","25.1","38.9",,,,"    1",,,,
"USW00014819","CHICAGO MIDWAY AIRPORT, IL US","41.78412","-87.75514","185.8","2022-04-16","10.29",,"0.00",,,,"51","35",,"  300","  280","21.9","31.1",,,,,,,,
"USW00014819","CHICAGO MIDWAY AIRPORT, IL US","41.78412","-87.75514","185.8","2022-04-17","9.40",,"0.00",,,,"43","34",,"   80","   80","18.1","23.9",,,,,,,,
"USW00014819","CHICAGO MIDWAY AIRPORT, IL US","41.78412","-87.75514","185.8","2022-04-18","10.74",,"0.12",,,,"42","35",,"  310","  280","28.0","38.0","    1",,,,,,,
"USW00014819","CHICAGO MIDWAY AIRPORT, IL US","41.78412","-87.75514","185.8","2022-04-19","10.96",,"0.00",,,,"51","38",,"  330","  310","18.1","28.0",,,,,,,,
"USW00014819","CHICAGO MIDWAY AIRPORT, IL US","41.78412","-87.75514","185.8","2022-04-20","14.09",,"0.20",,,,"56","43",,"  150","  170","23.9","38.0","    1",,,,,,,
"USW00014819","CHICAGO MIDWAY AIRPORT, IL US","41.78412","-87.75514","185.8","2022-04-21","11.86",,"0.05",,,,"71","51",,"  220","  230","21.9","34.0","    1",,,,,,,
"USW00014819","CHICAGO MIDWAY AIRPORT, IL US","41.78412","-87.75514","185.8","2022-04-22","10.29",,"0.57",,,,"61","50",,"  100","  100","25.1","35.1","    1",,"    1",,,,,
"USW00014819","CHICAGO MIDWAY AIRPORT, IL US","41.78412","-87.75514","185.8","2022-04-23","17.00",,"0.00",,,,"86","57",,"  180","  170","30.0","49.0",,,,,,,,
"USW00014819","CHICAGO MIDWAY AIRPORT, IL US","41.78412","-87.75514","185.8","2022-04-24","17.22",,"0.10",,,,"75","58",,"  210","  190","25.1","38.0",,,,,,,,
"USW00014819","CHICAGO MIDWAY AIRPORT, IL US","41.78412","-87.75514","185.8","2022-04-25","14.32",,"0.00",,,,"58","42",,"  260","  280","23.9","35.1",,,,,,,,
"USW00014819","CHICAGO MIDWAY AIRPORT, IL US","41.78412","-87.75514","185.8","2022-04-26","11.86",,"0.00",,,,"54","39",,"  300","  280","21.9","31.1",,,,,,,,
"USW00014819","CHICAGO MIDWAY AIRPORT, IL US","41.78412","-87.75514","185.8","2022-04-27","10.96",,"0.00",,,,"44","36",,"   40","   60","19.9","29.1",,,,,,,,
"USW00014819","CHICAGO MIDWAY AIRPORT, IL US","41.78412","-87.75514","185.8","2022-04-28","10.51",,"0.01",,"0.0",,"52","40",,"  120","  120","17.0","23.0",,,,,,,,
"USW00014819","CHICAGO MIDWAY AIRPORT, IL US","41.78412","-87.75514","185.8","2022-04-29","13.42",,"0.02",,,,"70","51",,"  120","  100","23.0","29.1",,,,,,,,
"USW00014819","CHICAGO MIDWAY AIRPORT, IL US","41.78412","-87.75514","185.8","2022-04-30","16.11",,"0.60",,"0.0",,"73","52",,"  210","  200","31.1","46.1","    1",,"    1",,,,,
"USW00014819","CHICAGO MIDWAY AIRPORT, IL US","41.78412","-87.75514","185.8","2022-05-01","14.76",,"0.00",,,,"59","51",,"  250","  260","23.9","34.0",,,,,,,,
"USW00014819","CHICAGO MIDWAY AIRPORT, IL US","41.78412","-87.75514","185.8","2022-05-02","8.72",,"0.00",,,,"56","47",,"   70","  280","14.1","23.0",,,,,,,,
"USW00014819","CHICAGO MIDWAY AIRPORT, IL US","41.78412","-87.75514","185.8","2022-05-03","15.88",,"1.12",,,,"52","45",,"   30","   10","23.9","34.0","    1",,,,,,,
"USW00014819","CHICAGO MIDWAY AIRPORT, IL US","41.78412","-87.75514","185.8","2022-05-04","10.51",,"0.00",,,,"57","42",,"  360","  360","17.0","23.9",,,,,,,,
"USW00014819","CHICAGO MIDWAY AIRPORT, IL US","41.78412","-87.75514","185.8","2022-05-05","8.05",,"0.25",,,,"54","45",,"   50","   40","17.0","23.9","    1",,,,,,,
"USW00014819","CHICAGO MIDWAY AIRPORT, IL US","41.78412","-87.75514","185.8","2022-05-06","16.11",,"0.29",,,,"54","50",,"   60","   30","29.1","40.0","    1",,,,,,,
"USW00014819","CHICAGO MIDWAY AIRPORT, IL US","41.78412","-87.75514","185.8","2022-05-07","10.07",,"0.00",,,,"65","48",,"   60","   50","18.1","28.0",,,,,,,,
"USW00014819","CHICAGO MIDWAY AIRPORT, IL US","41.78412","-87.75514","185.8","2022-05-08","11.63",,"0.00",,,,"69","46",,"  140","  130","21.0","30.0",,,,,,,,
"USW00014819","CHICAGO MIDWAY AIRPORT, IL US","41.78412","-87.75514","185.8","2022-05-09","17.00",,"0.00",,,,"85","57",,"  160","  170","30.0","42.9",,,,,,,,
"USW00014819","CHICAGO MIDWAY AIRPORT, IL US","41.78412","-87.75514","185.8","2022-05-10","10.96",,"0.00",,,,"92","70",,"  210","  200","18.1","34.0",,,,,,,,
"USW00014819","CHICAGO MIDWAY AIRPORT, IL US","41.78412","-87.75514","185.8","2022-05-11","8.05",,"0.00",,,,"91","77",,"   80","   90","18.1","31.1",,,,,,,,
"USW00014819","CHICAGO MIDWAY AIRPORT, IL US","41.78412","-87.75514","185.8","2022-05-12","11.63",,"0.00",,,,"95","76",,"  170","  150","18.1","34.0",,,,,,,,
"USW00014819","CHICAGO MIDWAY AIRPORT, IL US","41.78412","-87.75514","185.8","2022-05-13","8.72",,"0.00",,,,"93","71",,"  140","  150","17.0","29.1",,,,,,,,
"USW00014819","CHICAGO MIDWAY AIRPORT, IL US","41.78412","-87.75514","185.8","2022-05-14","5.82",,"0.00",,,,"85","68",,"   80","   90","13.0","16.1",,,,,,,,
"USW00014819","CHICAGO MIDWAY AIRPORT, IL US","41.78412","-87.75514","185.8","2022-05-15","7.16",,"0.03",,,,"79","59",,"  310","  300","16.1","21.9",,,"    1",,,,,
"USW00014819","CHICAGO MIDWAY AIRPORT, IL US","41.78412","-87.75514","185.8","2022-05-16","11.63",,"0.00",,,,"80","56",,"  310","  280","23.9","33.1",,,,,,,,
"USW00014819","CHICAGO MIDWAY AIRPORT, IL US","41.78412","-87.75514","185.8","2022-05-17","10.07",,"0.00",,,,"67","54",,"   60","   80","15.0","19.9",,,,,,,,
"USW00014819","CHICAGO MIDWAY AIRPORT, IL US","41.78412","-87.75514","185.8","2022-05-18","7.16",,"0.35",,,,"64","55",,"  130","   80","15.0","21.0","    1",,,,,,,
"USW00014819","CHICAGO MIDWAY AIRPORT, IL US","41.78412","-87.75514","185.8","2022-05-19","10.96",,"0.00",,,,"88","56",,"  170","  180","23.0","36.0","    1",,,,,,,
"USW00014819","CHICAGO MIDWAY AIRPORT, IL US","41.78412","-87.75514","185.8","2022-05-20","14.54",,"0.49",,,,"89","62",,"  170","  210","32.0","46.1","    1",,"    1",,,,,
"USW00014819","CHICAGO MIDWAY AIRPORT, IL US","41.78412","-87.75514","185.8","2022-05-21","5.37",,"0.28",,,,"64","57",,"  340","  300","21.0","27.1","    1",,"    1",,,,,
"USW00014819","CHICAGO MIDWAY AIRPORT, IL US","41.78412","-87.75514","185.8","2022-05-22","9.62",,"0.00",,,,"65","53",,"  330","  340","21.0","29.1",,,,,,,,
"USW00014819","CHICAGO MIDWAY AIRPORT, IL US","41.78412","-87.75514","185.8","2022-05-23","10.74",,"0.00",,,,"63","48",,"   40","   60","21.0","29.1",,,,,,,,
"USW00014819","CHICAGO MIDWAY AIRPORT, IL US","41.78412","-87.75514","185.8","2022-05-24","11.63",,"0.00",,,,"68","52",,"   60","   60","21.0","25.9",,,,,,,,
"USW00014819","CHICAGO MIDWAY AIRPORT, IL US","41.78412","-87.75514","185.8","2022-05-25","11.41",,"0.19",,,,"83","58",,"  160","  160","25.9","44.1","    1",,"    1",,,"    1",,
"USW00014819","CHICAGO MIDWAY AIRPORT, IL US","41.78412","-87.75514","185.8","2022-05-26","9.84",,"0.44",,,,"79","65",,"  180","  200","16.1","30.0",,,"    1",,,,,
"USW00014819","CHICAGO MIDWAY AIRPORT, IL US","41.78412","-87.75514","185.8","2022-05-27","11.41",,"0.11",,,,"65","52",,"  350","  360","25.1","36.0","    1",,,,,,,
"USW00014819","CHICAGO MIDWAY AIRPORT, IL US","41.78412","-87.75514","185.8","2022-05-28","6.71",,"0.00",,,,"76","51",,"  170","  160","21.9","30.0",,,,,,,,
"USW00014819","CHICAGO MIDWAY AIRPORT, IL US","41.78412","-87.75514","185.8","2022-05-29","14.76",,"0.00",,,,"87","65",,"  170","  170","23.9","36.0",,,,,,,,
"USW00014819","CHICAGO MIDWAY AIRPORT, IL US","41.78412","-87.75514","185.8","2022-05-30","17.22",,"0.00",,,,"92","73",,"  170","  170","28.0","42.9",,,,,,,,
"USW00014819","CHICAGO MIDWAY AIRPORT, IL US","41.78412","-87.75514","185.8","2022-05-31","13.87",,"0.00",,,,"90","75",,"  250","  240","23.0","34.0",,,,,,,,
"USW00014819","CHICAGO MIDWAY AIRPORT, IL US","41.78412","-87.75514","185.8","2022-06-01","6.71",,"0.18",,,,"79","61",,"  280","  270","21.0","28.0","    1",,"    1",,,,,
"USW00014819","CHICAGO MIDWAY AIRPORT, IL US","41.78412","-87.75514","185.8","2022-06-02","6.49",,"0.02",,,,"79","60",,"  330","  280","18.1","25.9",,,,,,,,
"USW00014819","CHICAGO MIDWAY AIRPORT, IL US","41.78412","-87.75514","185.8","2022-06-03","9.84",,"0.00",,,,"83","62",,"  270","  270","21.9","30.0",,,,,,,,
"USW00094846","CHICAGO OHARE INTERNATIONAL AIRPORT, IL US","41.96017","-87.93164","204.8","2022-01-01","19.69",,"0.23","3.2","0.0","36","38","24",,"   30","   20","30.0","38.0","    1",,,,,,,
"USW00094846","CHICAGO OHARE INTERNATIONAL AIRPORT, IL US","41.96017","-87.93164","204.8","2022-01-02","9.62",,"0.04","0.9","3.9","24","28","13",,"  350","  360","23.0","29.1","    1",,,,,,,
"USW00094846","CHICAGO OHARE INTERNATIONAL AIRPORT, IL US","41.96017","-87.93164","204.8","2022-01-03","8.50",,"0.00","0.0","3.9","15","22","9",,"  210","  210","16.1","21.9",,,,,,,,
"USW00094846","CHICAGO OHARE INTERNATIONAL AIRPORT, IL US","41.96017","-87.93164","204.8","2022-01-04","12.97",,"0.00","0.0","3.1","26","35","22",,"  210","  220","25.1","38.0",,,,,,,,
"USW00094846","CHICAGO OHARE INTERNATIONAL AIRPORT, IL US","41.96017","-87.93164","204.8","2022-01-05","19.01",,"0.00","0.1","3.1","24","34","12",,"  250","  250","33.1","46.1","    1",,,,,,"    1",
"USW00094846","CHICAGO OHARE INTERNATIONAL AIRPORT, IL US","41.96017","-87.93164","204.8","2022-01-06","11.86",,"0.00","0.0","3.1","11","15","4",,"  280","  260","18.1","23.9",,,,,,,,
"USW00094846","CHICAGO OHARE INTERNATIONAL AIRPORT, IL US","41.96017","-87.93164","204.8","2022-01-07","7.61",,"0.00","0.0","3.1","6","15","-1",,"  260","  260","15.0","19.9",,,,,,,,
"USW00094846","CHICAGO OHARE INTERNATIONAL AIRPORT, IL US","41.96017","-87.93164","204.8","2022-01-08","11.41",,"0.05","0.0","3.1","18","34","13",,"  190","  180","19.9","29.1","    1",,,,"    1","    1",,
"USW00094846","CHICAGO OHARE INTERNATIONAL AIRPORT, IL US","41.96017","-87.93164","204.8","2022-01-09","12.08",,"0.00","0.0","2.0","28","34","9",,"  300","  300","25.1","34.0","    1",,,,,,,
"USW00094846","CHICAGO OHARE INTERNATIONAL AIRPORT, IL US","41.96017","-87.93164","204.8","2022-01-10","8.95",,"0.00","0.0","2.0","13","16","5",,"  320","  310","18.1","25.1","    1",,,,,,,
"USW00094846","CHICAGO OHARE INTERNATIONAL AIRPORT, IL US","41.96017","-87.93164","204.8","2022-01-11","13.42",,"0.00","0.0","2.0","13","36","4",,"  220","  210","25.1","38.9",,,,,,,,
"USW00094846","CHICAGO OHARE INTERNATIONAL AIRPORT, IL US","41.96017","-87.93164","204.8","2022-01-12","6.04",,"0.00","0.0","2.0","36","41","31",,"  230","  230","16.1","23.0",,,,,,,,
"USW00094846","CHICAGO OHARE INTERNATIONAL AIRPORT, IL US","41.96017","-87.93164","204.8","2022-01-13","5.82",,"0.00","0.0","1.2","35","40","29",,"   20","   20","19.9","27.1","    1",,,,,"    1",,
"USW00094846","CHICAGO OHARE INTERNATIONAL AIRPORT, IL US","41.96017","-87.93164","204.8","2022-01-14","16.33",,"0.01","0.1","0.0","33","36","26",,"   60","   50","21.9","28.0",,,,,,"    1",,
"USW00094846","CHICAGO OHARE INTERNATIONAL AIRPORT, IL US","41.96017","-87.93164","204.8","2022-01-15","12.97",,"0.02","0.2","0.0","25","26","16",,"   60","   60","21.9","29.1","    1",,,,,,,
"USW00094846","CHICAGO OHARE INTERNATIONAL AIRPORT, IL US","41.96017","-87.93164","204.8","2022-01-16","4.70",,"0.01","0.2","0.0","20","29","12",,"  310","  330","14.1","18.1","    1",,,,,"    1",,
"USW00094846","CHICAGO OHARE INTERNATIONAL AIRPORT, IL US","41.96017","-87.93164","204.8","2022-01-17","11.18",,"0.00","0.0","0.0","25","28","22",,"  310","  290","18.1","25.9",,,,,,,,
"USW00094846","CHICAGO OHARE INTERNATIONAL AIRPORT, IL US","41.96017","-87.93164","204.8","2022-01-18","13.20",,"0.00","0.0","0.0","28","44","20",,"  210","  180","23.0","36.0",,,,,,,,
"USW00094846","CHICAGO OHARE INTERNATIONAL AIRPORT, IL US","41.96017","-87.93164","204.8","2022-01-19","12.75",,"0.00","0.0","0.0","30","40","10",,"  260","  260","21.9","33.1",,,,,,,,
"USW00094846","CHICAGO OHARE INTERNATIONAL AIRPORT, IL US","41.96017","-87.93164","204.8","2022-01-20","9.62",,"0.00","0.0","0.0","12","19","6",,"  320","  330","16.1","23.0",,,,,,,,
"USW00094846","CHICAGO OHARE INTERNATIONAL AIRPORT, IL US","41.96017","-87.93164","204.8","2022-01-21","6.49",,"0.00","0.0","0.0","14","25","6",,"  210","  220","15.0","23.9",,,,,,,,
"USW00094846","CHICAGO OHARE INTERNATIONAL AIRPORT, IL US","41.96017","-87.93164","204.8","2022-01-22","13.87",,"0.02","0.2","0.0","23","33","19",,"  230","  230","23.0","34.0",,,,,,"    1",,
"USW00094846","CHICAGO OHARE INTERNATIONAL AIRPORT, IL US","41.96017","-87.93164","204.8","2022-01-23","9.62",,"0.24","3.5","3.9","19","21","7",,"  350","  350","21.9","30.0","    1",,,,,,,
"USW00094846","CHICAGO OHARE INTERNATIONAL AIRPORT, IL US","41.96017","-87.93164","204.8","2022-01-24","9.62",,"0.14","2.2","3.9","17","26","10",,"  320","  320","18.1","25.9","    1",,,,,,,
"USW00094846","CHICAGO OHARE INTERNATIONAL AIRPORT, IL US","41.96017","-87.93164","204.8","2022-01-25","9.84",,"0.00","0.0","5.1","10","12","0",,"  300","  310","17.0","25.1",,,,,,,,
"USW00094846","CHICAGO OHARE INTERNATIONAL AIRPORT, IL US","41.96017","-87.93164","204.8","2022-01-26","8.72",,"0.00","0.0","5.1","2","15","-6",,"  210","  190","17.0","25.9",,,,,,,,
"USW00094846","CHICAGO OHARE INTERNATIONAL AIRPORT, IL US","41.96017","-87.93164","204.8","2022-01-27","12.30",,"0.00","0.0","3.9","20","32","14",,"  240","  250","21.9","30.0",,,,,,,,
"USW00094846","CHICAGO OHARE INTERNATIONAL AIRPORT, IL US","41.96017","-87.93164","204.8","2022-01-28","9.17",,"0.08","3.3","5.1","22","26","11",,"  360","  360","18.1","21.9","    1",,,,,,,
"USW00094846","CHICAGO OHARE INTERNATIONAL AIRPORT, IL US","41.96017","-87.93164","204.8","2022-01-29","7.61",,"0.00","0.0","5.9","14","22","7",,"  180","  170","13.0","17.0",,,,,,,,
"USW00094846","CHICAGO OHARE INTERNATIONAL AIRPORT, IL US","41.96017","-87.93164","204.8","2022-01-30","6.04",,"0.00","0.0","3.9","21","31","11",,"  330","  320","13.0","16.1",,,,,,,,
"USW00094846","CHICAGO OHARE INTERNATIONAL AIRPORT, IL US","41.96017","-87.93164","204.8","2022-01-31","8.28",,"0.00","0.0","3.9","29","33","25",,"  150","  160","19.9","25.1",,,,,,,,
"USW00094846","CHICAGO OHARE INTERNATIONAL AIRPORT, IL US","41.96017","-87.93164","204.8","2022-02-01","10.96",,"0.09","0.2","3.9","37","46","32",,"  210","  210","19.9","29.1","    1",,,,,"    1",,
"USW00094846","CHICAGO OHARE INTERNATIONAL AIRPORT, IL US","41.96017","-87.93164","204.8","2022-02-02","15.43",,"0.30","5.4","2.0","26","33","16",,"  360","  360","23.9","31.1","    1",,,,,,,
"USW00094846","CHICAGO OHARE INTERNATIONAL AIRPORT, IL US","41.96017","-87.93164","204.8","2022-02-03","17.45",,"0.00","0.0","5.9","18","24","16",,"   30","   40","23.9","31.1",,,,,,,,
"USW00094846","CHICAGO OHARE INTERNATIONAL AIRPORT, IL US","41.96017","-87.93164","204.8","2022-02-04","8.72",,"0.01","0.5","5.1","19","24","10",,"  310","  300","21.9","31.1",,,,,,,,
"USW00094846","CHICAGO OHARE INTERNATIONAL AIRPORT, IL US","41.96017","-87.93164","204.8","2022-02-05","11.41",,"0.00","0.0","5.1","13","20","4",,"  190","  190","23.0","32.0",,,,,,,,
"USW00094846","CHICAGO OHARE INTERNATIONAL AIRPORT, IL US","41.96017","-87.93164","204.8","2022-02-06","12.75",,"0.00","0.0","5.1","22","33","18",,"  220","  210","17.0","25.9",,,,,,,,
"USW00094846","CHICAGO OHARE INTERNATIONAL AIRPORT, IL US","41.96017","-87.93164","204.8","2022-02-07","8.72",,"0.00","0.0","3.9","25","31","18",,"  260","  270","18.1","25.9","    1",,,,"    1",,,
"USW00094846","CHICAGO OHARE INTERNATIONAL AIRPORT, IL US","41.96017","-87.93164","204.8","2022-02-08","10.51",,"0.00","0.0","3.1","24","38","19",,"  190","  190","19.9","23.9",,,,,,,,
"USW00094846","CHICAGO OHARE INTERNATIONAL AIRPORT, IL US","41.96017","-87.93164","204.8","2022-02-09","12.30",,"0.00","0.0","2.0","36","41","32",,"  260","  260","21.0","30.0",,,,,,,,
"USW00094846","CHICAGO OHARE INTERNATIONAL AIRPORT, IL US","41.96017","-87.93164","204.8","2022-02-10","13.20",,"0.01","0.1","1.2","32","35","27",,"  220","  210","25.1","40.0",,,,,,,,
"USW00094846","CHICAGO OHARE INTERNATIONAL AIRPORT, IL US","41.96017","-87.93164","204.8","2022-02-11","14.99",,"0.08","0.5","0.0","36","44","28",,"  250","  260","28.0","45.0","    1",,,,,,,
"USW00094846","CHICAGO OHARE INTERNATIONAL AIRPORT, IL US","41.96017","-87.93164","204.8","2022-02-12","11.18",,"0.00","0.0","0.0","22","28","13",,"  340","  330","21.9","30.0",,,,,,,,
"USW00094846","CHICAGO OHARE INTERNATIONAL AIRPORT, IL US","41.96017","-87.93164","204.8","2022-02-13","7.16",,"0.00","0.0","0.0","15","20","12",,"  320","  320","15.0","21.0","    1",,,,,,,
"USW00094846","CHICAGO OHARE INTERNATIONAL AIRPORT, IL US","41.96017","-87.93164","204.8","2022-02-14","6.26",,"0.00","0.0","0.0","17","26","14",,"  220","  210","12.1","17.0",,,,,,,,
"USW00094846","CHICAGO OHARE INTERNATIONAL AIRPORT, IL US","41.96017","-87.93164","204.8","2022-02-15","10.51",,"0.00","0.0","0.0","28","45","22",,"  180","  190","19.9","30.0",,,,,,,,
"USW00094846","CHICAGO OHARE INTERNATIONAL AIRPORT, IL US","41.96017","-87.93164","204.8","2022-02-16","15.88",,"0.83","0.0","0.0","46","55","41",,"  210","  200","25.9","42.1","    1",,,,,,,
"USW00094846","CHICAGO OHARE INTERNATIONAL AIRPORT, IL US","41.96017","-87.93164","204.8","2022-02-17","19.24",,"0.22","2.9","0.0","35","41","16",,"   20","   40","33.1","40.0","    1","    1",,,,,"    1",
"USW00094846","CHICAGO OHARE INTERNATIONAL AIRPORT, IL US","41.96017","-87.93164","204.8","2022-02-18","14.76",,"0.00","0.0","2.0","17","31","7",,"  270","  260","33.1","47.0",,,,,,,,
"USW00094846","CHICAGO OHARE INTERNATIONAL AIRPORT, IL US","41.96017","-87.93164","204.8","2022-02-19","14.09",,"0.00","0.0","2.0","19","25","9",,"  310","  310","25.1","38.0",,,,,,,,
"USW00094846","CHICAGO OHARE INTERNATIONAL AIRPORT, IL US","41.96017","-87.93164","204.8","2022-02-20","17.22",,"0.00","0.0","1.2","29","47","17",,"  220","  210","32.0","47.0",,,,,,,,
"USW00094846","CHICAGO OHARE INTERNATIONAL AIRPORT, IL US","41.96017","-87.93164","204.8","2022-02-21","7.83",,"0.00","0.0","0.0","40","48","32",,"   20","   20","17.0","23.0","    1",,,,,"    1",,
"USW00094846","CHICAGO OHARE INTERNATIONAL AIRPORT, IL US","41.96017","-87.93164","204.8","2022-02-22","12.08",,"0.87","0.0","0.0","38","44","23",,"   40","  260","23.0","32.0","    1",,"    1",,"    1","    1",,
"USW00094846","CHICAGO OHARE INTERNATIONAL AIRPORT, IL US","41.96017","-87.93164","204.8","2022-02-23","11.41",,"0.00","0.1","0.0","21","23","15",,"  320","  290","19.9","29.1",,,,,,,,
"USW00094846","CHICAGO OHARE INTERNATIONAL AIRPORT, IL US","41.96017","-87.93164","204.8","2022-02-24","11.63",,"0.11","1.1","0.0","24","27","21",,"   50","   50","21.0","28.0","    1",,,,,,,
"USW00094846","CHICAGO OHARE INTERNATIONAL AIRPORT, IL US","41.96017","-87.93164","204.8","2022-02-25","7.38",,"0.07","2.0","3.1","25","31","18",,"  340","  350","15.0","19.9","    1",,,,,"    1",,
"USW00094846","CHICAGO OHARE INTERNATIONAL AIRPORT, IL US","41.96017","-87.93164","204.8","2022-02-26","10.51",,"0.00","0.0","1.2","21","31","13",,"  230","  230","18.1","25.9",,,,,,,,
"USW00094846","CHICAGO OHARE INTERNATIONAL AIRPORT, IL US","41.96017","-87.93164","204.8","2022-02-27","8.05",,"0.00","0.0","0.0","32","43","26",,"  240","  230","21.0","28.0",,,,,,,,
"USW00094846","CHICAGO OHARE INTERNATIONAL AIRPORT, IL US","41.96017","-87.93164","204.8","2022-02-28","10.51",,"0.00","0.0","0.0","37","53","27",,"  220","  210","23.9","38.9",,,,,,,,
"USW00094846","CHICAGO OHARE INTERNATIONAL AIRPORT, IL US","41.96017","-87.93164","204.8","2022-03-01","7.38",,"0.00","0.0","0.0","44","54","36",,"   70","  240","14.1","19.0",,,,,,,,
"USW00094846","CHICAGO OHARE INTERNATIONAL AIRPORT, IL US","41.96017","-87.93164","204.8","2022-03-02","9.62",,"0.00","0.0","0.0","41","58","33",,"   20","   30","23.0","29.1",,,,,,,,
"USW00094846","CHICAGO OHARE INTERNATIONAL AIRPORT, IL US","41.96017","-87.93164","204.8","2022-03-03","11.86",,"0.00","0.0","0.0","34","36","28",,"   30","   50","23.9","30.0",,,,,,,,
"USW00094846","CHICAGO OHARE INTERNATIONAL AIRPORT, IL US","41.96017","-87.93164","204.8","2022-03-04","8.72",,"0.00","0.0","0.0","33","41","28",,"  120","   90","15.0","19.0",,,,,,,,
"USW00094846","CHICAGO OHARE INTERNATIONAL AIRPORT, IL US","41.96017","-87.93164","204.8","2022-03-05","14.32",,"0.12","0.0","0.0","49","69","39",,"  260","  280","38.0","66.0","    1",,"    1",,,,,
"USW00094846","CHICAGO OHARE INTERNATIONAL AIRPORT, IL US","41.96017","-87.93164","204.8","2022-03-06","15.66",,"0.02","0.0","0.0","47","59","35",,"  250","  280","33.1","51.0",,,,,,"    1",,
"USW00094846","CHICAGO OHARE INTERNATIONAL AIRPORT, IL US","41.96017","-87.93164","204.8","2022-03-07","12.08",,"0.35","2.9","1.2","34","36","30",,"  310","  280","19.9","28.0","    1",,,"    1","    1",,,
"USW00094846","CHICAGO OHARE INTERNATIONAL AIRPORT, IL US","41.96017","-87.93164","204.8","2022-03-08","7.16",,"0.00","0.0","1.2","32","39","27",,"  210","  240","16.1","21.9",,,,,,,,
"USW00094846","CHICAGO OHARE INTERNATIONAL AIRPORT, IL US","41.96017","-87.93164","204.8","2022-03-09","9.62",,"0.00","0.0","0.0","34","41","27",,"  260","  260","19.9","27.1",,,,,,,,
"USW00094846","CHICAGO OHARE INTERNATIONAL AIRPORT, IL US","41.96017","-87.93164","204.8","2022-03-10","6.26",,"0.02","0.6","0.0","28","31","22",,"   10","  360","18.1","21.0","    1",,,,,,,
"USW00094846","CHICAGO OHARE INTERNATIONAL AIRPORT, IL US","41.96017","-87.93164","204.8","2022-03-11","12.08",,"0.01","0.3","1.2","24","31","16",,"  260","  260","25.9","40.9","    1",,,,,,,
"USW00094846","CHICAGO OHARE INTERNATIONAL AIRPORT, IL US","41.96017","-87.93164","204.8","2022-03-12","13.20",,"0.00","0.0","0.0","17","23","11",,"  310","  310","21.0","29.1",,,,,,,,
"USW00094846","CHICAGO OHARE INTERNATIONAL AIRPORT, IL US","41.96017","-87.93164","204.8","2022-03-13","11.63",,"0.00","0.0","0.0","31","51","21",,"  260","  230","21.0","31.1",,,,,,,,
"USW00094846","CHICAGO OHARE INTERNATIONAL AIRPORT, IL US","41.96017","-87.93164","204.8","2022-03-14","9.84",,"0.00","0.0","0.0","48","63","37",,"  220","  220","21.9","30.0",,,,,,,,
"USW00094846","CHICAGO OHARE INTERNATIONAL AIRPORT, IL US","41.96017","-87.93164","204.8","2022-03-15","6.26",,"0.00","0.0","0.0","43","54","36",,"   10","  360","13.0","17.0",,,,,,,,
"USW00094846","CHICAGO OHARE INTERNATIONAL AIRPORT, IL US","41.96017","-87.93164","204.8","2022-03-16","7.83",,"0.00","0.0","0.0","49","70","36",,"  220","  190","23.0","36.0",,,,,,"    1",,
"USW00094846","CHICAGO OHARE INTERNATIONAL AIRPORT, IL US","41.96017","-87.93164","204.8","2022-03-17","7.61",,"0.00","0.0","0.0","58","73","47",,"   20","   80","15.0","19.0",,,,,,,,
"USW00094846","CHICAGO OHARE INTERNATIONAL AIRPORT, IL US","41.96017","-87.93164","204.8","2022-03-18","17.22",,"0.64","0.0","0.0","45","47","40",,"   30","   40","29.1","36.0","    1",,,,,,,
"USW00094846","CHICAGO OHARE INTERNATIONAL AIRPORT, IL US","41.96017","-87.93164","204.8","2022-03-19","9.62",,"0.06","0.0","0.0","40","43","37",,"   10","   10","21.0","25.9","    1",,,,,,,
"USW00094846","CHICAGO OHARE INTERNATIONAL AIRPORT, IL US","41.96017","-87.93164","204.8","2022-03-20","6.49",,"0.00","0.0","0.0","45","63","34",,"  220","  210","15.0","21.0",,,,,,,,
"USW00094846","CHICAGO OHARE INTERNATIONAL AIRPORT, IL US","41.96017","-87.93164","204.8","2022-03-21","8.50",,"0.00","0.0","0.0","56","74","42",,"  220","  220","21.0","30.0",,,,,,,,
"USW00094846","CHICAGO OHARE INTERNATIONAL AIRPORT, IL US","41.96017","-87.93164","204.8","2022-03-22","11.86",,"0.22","0.0","0.0","54","56","45",,"  110","  110","25.1","34.0","    1",,,,,,,
"USW00094846","CHICAGO OHARE INTERNATIONAL AIRPORT, IL US","41.96017","-87.93164","204.8","2022-03-23","8.50",,"0.37","0.0","0.0","52","58","46",,"  200","  220","21.9","30.0","    1",,,,,"    1",,
"USW00094846","CHICAGO OHARE INTERNATIONAL AIRPORT, IL US","41.96017","-87.93164","204.8","2022-03-24","7.83",,"0.25","0.0","0.0","45","46","39",,"  210","  220","18.1","27.1","    1",,,,,,,
"USW00094846","CHICAGO OHARE INTERNATIONAL AIRPORT, IL US","41.96017","-87.93164","204.8","2022-03-25","14.99",,"0.01","0.0","0.0","41","47","35",,"  290","  290","32.0","45.0","    1",,,"    1",,"    1",,
"USW00094846","CHICAGO OHARE INTERNATIONAL AIRPORT, IL US","41.96017","-87.93164","204.8","2022-03-26","14.54",,"0.00","0.0","0.0","33","35","26",,"  320","  300","23.0","33.1",,,,,,,,
"USW00094846","CHICAGO OHARE INTERNATIONAL AIRPORT, IL US","41.96017","-87.93164","204.8","2022-03-27","8.95",,"0.00","0.0","0.0","29","36","22",,"  340","  330","21.0","28.0",,,,,,,,
"USW00094846","CHICAGO OHARE INTERNATIONAL AIRPORT, IL US","41.96017","-87.93164","204.8","2022-03-28","9.17",,"0.00","0.0","0.0","29","35","22",,"   20","   20","15.0","19.9",,,,,,,,
"USW00094846","CHICAGO OHARE INTERNATIONAL AIRPORT, IL US","41.96017","-87.93164","204.8","2022-03-29","14.99",,"0.00","0.0","0.0","33","44","29",,"  110","  150","23.9","32.0",,,,,,,,
"USW00094846","CHICAGO OHARE INTERNATIONAL AIRPORT, IL US","41.96017","-87.93164","204.8","2022-03-30","11.63",,"1.13","0.0","0.0","50","60","44",,"  260","  250","23.0","34.0","    1",,,,,,,
"USW00094846","CHICAGO OHARE INTERNATIONAL AIRPORT, IL US","41.96017","-87.93164","204.8","2022-03-31","10.07",,"0.49","0.0","0.0","44","48","33",,"  270","  300","19.9","25.9","    1",,,,,,,
"USW00094846","CHICAGO OHARE INTERNATIONAL AIRPORT, IL US","41.96017","-87.93164","204.8","2022-04-01","8.95",,"0.00","0.1","0.0","37","46","31",,"  320","  330","16.1","21.9","    1",,,,,,,
"USW00094846","CHICAGO OHARE INTERNATIONAL AIRPORT, IL US","41.96017","-87.93164","204.8","2022-04-02","7.61",,"0.34","0.1","0.0","36","42","33",,"  150","  180","16.1","23.0","    1",,,,,,,
"USW00094846","CHICAGO OHARE INTERNATIONAL AIRPORT, IL US","41.96017","-87.93164","204.8","2022-04-03","5.14",,"0.17","0.0","0.0","40","50","33",,"  100","   80","13.0","18.1","    1",,,,,"    1",,
"USW00094846","CHICAGO OHARE INTERNATIONAL AIRPORT, IL US","41.96017","-87.93164","204.8","2022-04-04","9.40",,"0.09","0.0","0.0","44","52","40",,"  260","  260","21.9","31.1","    1",,,,,,,
"USW00094846","CHICAGO OHARE INTERNATIONAL AIRPORT, IL US","41.96017","-87.93164","204.8","2022-04-05","9.40",,"0.05","0.0","0.0","45","53","38",,"   80","  120","16.1","21.9","    1",,,,,"    1",,
"USW00094846","CHICAGO OHARE INTERNATIONAL AIRPORT, IL US","41.96017","-87.93164","204.8","2022-04-06","15.43",,"0.76","0.0","0.0","51","56","43",,"  240","  240","29.1","40.0","    1",,,,,,,
"USW00094846","CHICAGO OHARE INTERNATIONAL AIRPORT, IL US","41.96017","-87.93164","204.8","2022-04-07","14.32",,"0.06","0.0","0.0","43","44","38",,"  230","  230","25.1","36.9",,,,,,,,
"USW00094846","CHICAGO OHARE INTERNATIONAL AIRPORT, IL US","41.96017","-87.93164","204.8","2022-04-08","8.50",,"0.32","0.0","0.0","39","41","33",,"  320","  310","17.0","23.9","    1",,,,,"    1",,
"USW00094846","CHICAGO OHARE INTERNATIONAL AIRPORT, IL US","41.96017","-87.93164","204.8","2022-04-09","5.82",,"0.00","0.0","0.0","39","54","32",,"  300","  310","16.1","21.9",,,,,,,,
"USW00094846","CHICAGO OHARE INTERNATIONAL AIRPORT, IL US","41.96017","-87.93164","204.8","2022-04-10","8.05",,"0.00","0.0","0.0","45","64","32",,"  140","  150","25.9","38.0",,,,,,,,
"USW00094846","CHICAGO OHARE INTERNATIONAL AIRPORT, IL US","41.96017","-87.93164","204.8","2022-04-11","9.17",,"0.00","0.0","0.0","57","62","45",,"  220","  250","19.9","33.1",,,,,,,,
"USW00094846","CHICAGO OHARE INTERNATIONAL AIRPORT, IL US","41.96017","-87.93164","204.8","2022-04-12","12.53",,"0.00","0.0","0.0","55","69","40",,"  180","  170","30.0","40.0","    1",,,,,,,
"USW00094846","CHICAGO OHARE INTERNATIONAL AIRPORT, IL US","41.96017","-87.93164","204.8","2022-04-13","14.09",,"0.26","0.0","0.0","66","72","39",,"  210","  210","36.0","53.0","    1",,"    1",,,,,
"USW00094846","CHICAGO OHARE INTERNATIONAL AIRPORT, IL US","41.96017","-87.93164","204.8","2022-04-14","18.12",,"0.00","0.0","0.0","44","51","35",,"  250","  250","36.9","59.1",,,,,,,,
"USW00094846","CHICAGO OHARE INTERNATIONAL AIRPORT, IL US","41.96017","-87.93164","204.8","2022-04-15","13.65",,"0.01","0.0","0.0","46","53","40",,"  220","  210","23.0","36.0",,,,"    1",,,,
"USW00094846","CHICAGO OHARE INTERNATIONAL AIRPORT, IL US","41.96017","-87.93164","204.8","2022-04-16","9.40",,"0.00","0.0","0.0","41","49","32",,"  280","  260","19.9","29.1",,,,,,,,
"USW00094846","CHICAGO OHARE INTERNATIONAL AIRPORT, IL US","41.96017","-87.93164","204.8","2022-04-17","8.95",,"0.02","0.0","0.0","37","43","29",,"   70","   60","17.0","21.9","    1",,,,,,,
"USW00094846","CHICAGO OHARE INTERNATIONAL AIRPORT, IL US","41.96017","-87.93164","204.8","2022-04-18","9.62",,"0.15","0.2","0.0","36","41","33",,"  290","  280","25.1","36.0","    1",,,,,,,
"USW00094846","CHICAGO OHARE INTERNATIONAL AIRPORT, IL US","41.96017","-87.93164","204.8","2022-04-19","9.40",,"0.00","0.0","0.0","40","51","36",,"  320","  310","17.0","25.1",,,,,,,,
"USW00094846","CHICAGO OHARE INTERNATIONAL AIRPORT, IL US","41.96017","-87.93164","204.8","2022-04-20","13.87",,"0.24","0.0","0.0","45","52","41",,"  160","  160","23.9","35.1","    1",,,,,,,
"USW00094846","CHICAGO OHARE INTERNATIONAL AIRPORT, IL US","41.96017","-87.93164","204.8","2022-04-21","10.29",,"0.05","0.0","0.0","55","68","50",,"  290","  250","21.9","31.1","    1",,,,,,,
"USW00094846","CHICAGO OHARE INTERNATIONAL AIRPORT, IL US","41.96017","-87.93164","204.8","2022-04-22","9.62",,"0.80","0.0","0.0","52","53","46",,"  100","  110","23.9","32.0","    1",,"    1",,,,,
"USW00094846","CHICAGO OHARE INTERNATIONAL AIRPORT, IL US","41.96017","-87.93164","204.8","2022-04-23","15.66",,"0.00","0.0","0.0","63","84","51",,"  180","  180","29.1","42.1",,,,,,,,
"USW00094846","CHICAGO OHARE INTERNATIONAL AIRPORT, IL US","41.96017","-87.93164","204.8","2022-04-24","15.88",,"0.41","0.0","0.0","70","73","54",,"  190","  190","25.9","47.0","    1",,,,,"    1",,
"USW00094846","CHICAGO OHARE INTERNATIONAL AIRPORT, IL US","41.96017","-87.93164","204.8","2022-04-25","12.30",,"0.00","0.0","0.0","53","54","41",,"  270","  240","23.0","34.0",,,,,,,,
"USW00094846","CHICAGO OHARE INTERNATIONAL AIRPORT, IL US","41.96017","-87.93164","204.8","2022-04-26","11.86",,"0.00","0.0","0.0","43","51","34",,"  300","  310","21.0","29.1",,,,,,,,
"USW00094846","CHICAGO OHARE INTERNATIONAL AIRPORT, IL US","41.96017","-87.93164","204.8","2022-04-27","10.96",,"0.00","0.0","0.0","38","41","33",,"   40","   30","21.9","25.9",,,,,,,,
"USW00094846","CHICAGO OHARE INTERNATIONAL AIRPORT, IL US","41.96017","-87.93164","204.8","2022-04-28","10.29",,"0.00","0.0","0.0","42","50","38",,"  110","  100","17.0","21.0",,,,,,,,
"USW00094846","CHICAGO OHARE INTERNATIONAL AIRPORT, IL US","41.96017","-87.93164","204.8","2022-04-29","13.42",,"0.04","0.0","0.0","53","66","47",,"  120","  110","23.0","31.1",,,,,,,,
"USW00094846","CHICAGO OHARE INTERNATIONAL AIRPORT, IL US","41.96017","-87.93164","204.8","2022-04-30","14.09",,"1.54","0.0","0.0","58","69","51",,"  150","  150","25.1","38.9","    1",,"    1",,,,,
"USW00094846","CHICAGO OHARE INTERNATIONAL AIRPORT, IL US","41.96017","-87.93164","204.8","2022-05-01","13.42",,"0.00","0.0","0.0","55","56","49",,"  230","  220","23.9","38.9",,,,,,,,
"USW00094846","CHICAGO OHARE INTERNATIONAL AIRPORT, IL US","41.96017","-87.93164","204.8","2022-05-02","7.83",,"0.00","0.0","0.0","50","54","48",,"  270","  280","16.1","21.9",,,,,,,,
"USW00094846","CHICAGO OHARE INTERNATIONAL AIRPORT, IL US","41.96017","-87.93164","204.8","2022-05-03","17.90",,"1.31","0.0","0.0","48","50","44",,"  360","   10","30.0","38.0","    1",,,,,,,
"USW00094846","CHICAGO OHARE INTERNATIONAL AIRPORT, IL US","41.96017","-87.93164","204.8","2022-05-04","10.29",,"0.00","0.0","0.0","46","56","39",,"   10","   20","18.1","23.0",,,,,,,,
"USW00094846","CHICAGO OHARE INTERNATIONAL AIRPORT, IL US","41.96017","-87.93164","204.8","2022-05-05","7.61",,"0.32","0.0","0.0","48","53","42",,"   50","   40","16.1","21.0","    1",,,,,,,
"USW00094846","CHICAGO OHARE INTERNATIONAL AIRPORT, IL US","41.96017","-87.93164","204.8","2022-05-06","15.88",,"0.29","0.0","0.0","49","53","47",,"   40","   40","25.9","42.9","    1",,,,,,,
"USW00094846","CHICAGO OHARE INTERNATIONAL AIRPORT, IL US","41.96017","-87.93164","204.8","2022-05-07","10.29",,"0.00","0.0","0.0","54","64","43",,"   60","   80","17.0","25.1",,,,,,,,
"USW00094846","CHICAGO OHARE INTERNATIONAL AIRPORT, IL US","41.96017","-87.93164","204.8","2022-05-08","9.84",,"0.00","0.0","0.0","54","65","43",,"  130","  120","18.1","25.9",,,,,,,,
"USW00094846","CHICAGO OHARE INTERNATIONAL AIRPORT, IL US","41.96017","-87.93164","204.8","2022-05-09","17.00",,"0.00","0.0","0.0","66","83","56",,"  160","  170","29.1","42.9",,,,,,,,
"USW00094846","CHICAGO OHARE INTERNATIONAL AIRPORT, IL US","41.96017","-87.93164","204.8","2022-05-10","10.96",,"0.00","0.0","0.0","77","89","69",,"  170","  170","18.1","27.1",,,,,,,,
"USW00094846","CHICAGO OHARE INTERNATIONAL AIRPORT, IL US","41.96017","-87.93164","204.8","2022-05-11","7.38",,"0.00","0.0","0.0","83","90","74",,"  100","  110","18.1","25.9",,,,,,,,
"USW00094846","CHICAGO OHARE INTERNATIONAL AIRPORT, IL US","41.96017","-87.93164","204.8","2022-05-12","11.41",,"0.00","0.0","0.0","81","91","74",,"  190","  150","19.9","27.1",,,,,,"    1",,
"USW00094846","CHICAGO OHARE INTERNATIONAL AIRPORT, IL US","41.96017","-87.93164","204.8","2022-05-13","8.72",,"0.00","0.0","0.0","80","89","68",,"  140","  200","16.1","25.1",,,,,,,,
"USW00094846","CHICAGO OHARE INTERNATIONAL AIRPORT, IL US","41.96017","-87.93164","204.8","2022-05-14","5.82",,"0.00","0.0","0.0","77","86","67",,"  100","   20","13.0","18.1",,,,,,,,
"USW00094846","CHICAGO OHARE INTERNATIONAL AIRPORT, IL US","41.96017","-87.93164","204.8","2022-05-15","7.16",,"0.00","0.0","0.0","71","76","58",,"  300","  280","15.0","21.0",,,"    1",,,,,
"USW00094846","CHICAGO OHARE INTERNATIONAL AIRPORT, IL US","41.96017","-87.93164","204.8","2022-05-16","10.74",,"0.00","0.0","0.0","65","78","54",,"  300","  310","21.9","31.1",,,,,,,,
"USW00094846","CHICAGO OHARE INTERNATIONAL AIRPORT, IL US","41.96017","-87.93164","204.8","2022-05-17","8.50",,"0.00","0.0","0.0","61","68","51",,"   30","   30","17.0","21.0",,,,,,,,
"USW00094846","CHICAGO OHARE INTERNATIONAL AIRPORT, IL US","41.96017","-87.93164","204.8","2022-05-18","7.16",,"0.29","0.0","0.0","55","60","52",,"   80","   90","15.0","19.9","    1",,,,,"    1",,
"USW00094846","CHICAGO OHARE INTERNATIONAL AIRPORT, IL US","41.96017","-87.93164","204.8","2022-05-19","10.74",,"0.02","0.0","0.0","66","86","53",,"  190","  190","25.1","38.0","    1",,,,,"    1",,
"USW00094846","CHICAGO OHARE INTERNATIONAL AIRPORT, IL US","41.96017","-87.93164","204.8","2022-05-20","12.75",,"0.46","0.0","0.0","75","86","58",,"  210","  210","29.1","40.9","    1",,"    1",,,,,
"USW00094846","CHICAGO OHARE INTERNATIONAL AIRPORT, IL US","41.96017","-87.93164","204.8","2022-05-21","4.92",,"0.42","0.0","0.0","61","62","54",,"  230","  240","16.1","21.9","    1",,"    1",,,,,
"USW00094846","CHICAGO OHARE INTERNATIONAL AIRPORT, IL US","41.96017","-87.93164","204.8","2022-05-22","9.62",,"0.00","0.0","0.0","58","63","50",,"  300","  250","18.1","27.1",,,,,,,,
"USW00094846","CHICAGO OHARE INTERNATIONAL AIRPORT, IL US","41.96017","-87.93164","204.8","2022-05-23","10.51",,"0.00","0.0","0.0","54","61","45",,"   50","   40","18.1","27.1",,,,,,,,
"USW00094846","CHICAGO OHARE INTERNATIONAL AIRPORT, IL US","41.96017","-87.93164","204.8","2022-05-24","12.75",,"0.00","0.0","0.0","57","66","49",,"   40","   40","21.9","29.1",,,,,,,,
"USW00094846","CHICAGO OHARE INTERNATIONAL AIRPORT, IL US","41.96017","-87.93164","204.8","2022-05-25","9.62",,"0.22","0.0","0.0","62","79","54",,"  230","  230","23.9","32.0","    1",,"    1",,,"    1",,
"USW00094846","CHICAGO OHARE INTERNATIONAL AIRPORT, IL US","41.96017","-87.93164","204.8","2022-05-26","8.95"," 1557","0.00","0.0","0.0","72","77","64",,"  170","  170","16.1","23.9","    1",,"    1",,,,,
"USW00094846","CHICAGO OHARE INTERNATIONAL AIRPORT, IL US","41.96017","-87.93164","204.8","2022-05-27","10.74",,"0.14","0.0","0.0","60","64","51",,"   10","   20","23.0","30.0","    1",,,,,,,
"USW00094846","CHICAGO OHARE INTERNATIONAL AIRPORT, IL US","41.96017","-87.93164","204.8","2022-05-28","7.61",,"0.00","0.0","0.0","61","74","49",,"  160","  150","21.9","31.1",,,,,,,,
"USW00094846","CHICAGO OHARE INTERNATIONAL AIRPORT, IL US","41.96017","-87.93164","204.8","2022-05-29","15.43",,"0.00","0.0","0.0","72","85","63",,"  160","  150","28.0","40.0",,,,,,,,
"USW00094846","CHICAGO OHARE INTERNATIONAL AIRPORT, IL US","41.96017","-87.93164","204.8","2022-05-30","17.00",,"0.00","0.0","0.0","78","89","70",,"  180","  220","25.9","40.9",,,,,,,,
"USW00094846","CHICAGO OHARE INTERNATIONAL AIRPORT, IL US","41.96017","-87.93164","204.8","2022-05-31","14.09",,"0.00","0.0","0.0","81","86","74",,"  210","  240","23.9","32.0",,,"    1",,,,,
"USW00094846","CHICAGO OHARE INTERNATIONAL AIRPORT, IL US","41.96017","-87.93164","204.8","2022-06-01","6.71",,"0.18","0.0","0.0","73","74","59",,"   90","   80","15.0","19.0","    1",,"    1",,,,,
"USW00094846","CHICAGO OHARE INTERNATIONAL AIRPORT, IL US","41.96017","-87.93164","204.8","2022-06-02","6.93",,"0.01","0.0","0.0","66","77","58",,"  290","  310","17.0","25.1",,,,,,,,
"USW00094846","CHICAGO OHARE INTERNATIONAL AIRPORT, IL US","41.96017","-87.93164","204.8","2022-06-03","9.62",,"0.00","0.0","0.0","70","81","58",,"  290","  280","23.0","34.0",,,,,,,,
"USW00094846","CHICAGO OHARE INTERNATIONAL AIRPORT, IL US","41.96017","-87.93164","204.8","2022-06-04",,,"0.00","0.0","0.0","65","71","54",,,,,,,,,,,,,
